time,open,high,low,close,volume
2025-06-15 16:00:00,105551.18,105759.07,105086.15,105285.67,421.0345992812
2025-06-15 20:00:00,105285.67,105613.46,104501.22,105600.0,513.0340381532
2025-06-16 00:00:00,105600.0,105957.69,105000.0,105918.25,502.9456792378
2025-06-16 04:00:00,105918.25,107240.96,105894.0,107031.41,599.3620681364
2025-06-16 08:00:00,107031.41,107230.79,106590.0,106877.6,554.678191385
2025-06-16 12:00:00,106877.6,107746.03,106508.97,107426.0,981.6568170374
2025-06-16 16:00:00,107426.0,108853.19,107313.91,108628.5,738.2442816642
2025-06-16 20:00:00,108628.5,108957.2,106689.66,106787.99,1021.4818628908
2025-06-17 00:00:00,106787.99,107727.27,106138.11,107579.87,1102.6471281768
2025-06-17 04:00:00,107579.87,107673.83,106478.96,106751.92,341.7628561948
2025-06-17 08:00:00,106751.92,106811.77,105528.01,105660.95,723.1049837086
2025-06-17 12:00:00,105660.95,105872.58,104145.25,104259.67,1536.7568959964
2025-06-17 16:00:00,104259.67,105321.79,103399.96,104688.01,1420.723108016
2025-06-17 20:00:00,104688.01,104885.49,104210.54,104551.02,596.0523562266
2025-06-18 00:00:00,104551.02,105217.39,104375.0,105163.1,288.648711674
2025-06-18 04:00:00,105163.1,105520.0,104697.4,104922.0,357.5399233274
2025-06-18 08:00:00,104922.0,105257.35,104175.82,104804.21,635.872436676
2025-06-18 12:00:00,104804.21,105300.0,103791.58,104800.17,1327.4320785228
2025-06-18 16:00:00,104800.17,104828.77,103518.3,103825.54,1610.3947270842
2025-06-18 20:00:00,103825.54,105119.43,103676.27,104876.5,575.240722794
2025-06-19 00:00:00,104876.5,105205.8,104468.0,105100.94,353.3335031902
2025-06-19 04:00:00,105100.94,105226.06,104636.36,104651.61,275.2599833796
2025-06-19 08:00:00,104651.61,105047.0,104651.6,104774.01,368.5822935284
2025-06-19 12:00:00,104774.01,104900.0,104105.0,104105.0,644.537100247
2025-06-19 16:00:00,104105.0,104804.8,103954.38,104252.66,484.2470826182
2025-06-19 20:00:00,104252.66,104857.21,104144.55,104642.52,213.3872168056
2025-06-20 00:00:00,104642.52,104794.46,104400.0,104605.01,265.080191199
2025-06-20 04:00:00,104605.01,105771.06,104259.77,105771.06,414.6192477284
2025-06-20 08:00:00,105771.06,106492.46,105742.0,105971.14,1029.246488504
2025-06-20 12:00:00,105971.14,106138.33,103900.0,104222.0,1366.3104296916
2025-06-20 16:00:00,104222.0,104265.33,102340.01,103321.92,1644.482156665
2025-06-20 20:00:00,103321.92,103805.0,102970.4,103283.28,362.1976778716
2025-06-21 00:00:00,103283.28,103653.33,103128.0,103491.04,194.7674302196
2025-06-21 04:00:00,103491.04,103564.92,103310.0,103434.11,202.2064252348
2025-06-21 08:00:00,103434.11,103961.95,103434.1,103837.99,388.806588596
2025-06-21 12:00:00,103837.99,103908.52,103280.0,103550.39,374.290580727
2025-06-21 16:00:00,103550.39,103613.01,102218.98,102244.0,513.167192093
2025-06-21 20:00:00,102244.0,102871.72,100875.0,102107.05,1755.3122438952
2025-06-22 00:00:00,102107.05,103357.35,101830.0,102378.75,1459.076458496
2025-06-22 04:00:00,102378.75,102924.78,102271.0,102429.01,366.7693887714
2025-06-22 08:00:00,102429.01,102792.42,102079.6,102695.62,403.4251881376
2025-06-22 12:00:00,102695.62,102793.1,98903.6,98923.0,4690.5777168338
2025-06-22 16:00:00,98923.0,100377.73,98700.39,98893.0,1331.0367980832
2025-06-22 20:00:00,98893.0,101016.85,98200.0,100974.25,1415.125357365
2025-06-23 00:00:00,100974.25,101594.59,100504.0,101133.32,740.5411888138
2025-06-23 04:00:00,101133.32,102129.87,100972.7,101934.5,589.2923172736
2025-06-23 08:00:00,101934.5,102080.35,101119.4,101279.01,482.5291706968
2025-06-23 12:00:00,101279.01,102594.25,100810.0,101438.01,1548.515760887
2025-06-23 16:00:00,101438.01,103275.86,99654.46,103144.22,3172.4170806366
2025-06-23 20:00:00,103144.22,106057.36,102869.01,105344.01,2641.005016311
2025-06-24 00:00:00,105344.01,105479.74,104711.24,104929.0,664.3799329816
2025-06-24 04:00:00,104929.0,105826.49,104713.21,104985.79,890.760808973
2025-06-24 08:00:00,104985.79,105550.68,104642.0,105169.0,741.9674191608
2025-06-24 12:00:00,105169.0,105703.3,104806.63,105229.0,804.0661115234
2025-06-24 16:00:00,105229.0,106256.1,105189.0,105638.42,643.3940074786
2025-06-24 20:00:00,105638.42,106092.6,105434.0,106042.26,248.7471723382
2025-06-25 00:00:00,106042.26,106752.71,105783.41,106232.69,843.126624902
2025-06-25 04:00:00,106232.69,106682.76,106001.0,106593.53,250.6966619658
2025-06-25 08:00:00,106593.53,107198.7,106337.43,107164.91,854.9778906538
2025-06-25 12:00:00,107164.91,108110.62,106757.0,107017.98,1776.7803399536
2025-06-25 16:00:00,107017.98,107867.07,106899.99,107756.28,789.0238605226
2025-06-25 20:00:00,107756.28,107988.0,107062.01,107313.52,334.9313962024
2025-06-26 00:00:00,107313.52,108228.96,107078.0,107848.01,741.6484558644
2025-06-26 04:00:00,107848.01,108061.87,107508.85,107801.01,564.4693545344
2025-06-26 08:00:00,107801.01,108137.9,107103.02,107310.0,897.9922823148
2025-06-26 12:00:00,107310.0,107731.61,106567.74,107300.0,1209.2366537782
2025-06-26 16:00:00,107300.0,107645.76,107002.0,107523.38,460.3764826694
2025-06-26 20:00:00,107523.38,107983.87,106849.03,106952.25,529.9454057198
2025-06-27 00:00:00,106952.25,107491.6,106426.6,107461.01,447.1557994966
2025-06-27 04:00:00,107461.01,107714.3,106874.0,106888.0,567.5210738764
2025-06-27 08:00:00,106888.0,107208.2,106693.59,106992.03,997.2776241938
2025-06-27 12:00:00,106992.03,107397.25,106360.81,107302.88,1084.7571740452
2025-06-27 16:00:00,107302.88,107681.14,106443.54,106792.01,784.4018836622
2025-06-27 20:00:00,106792.01,107261.13,106786.0,107031.85,338.8005447892
2025-06-28 00:00:00,107031.85,107318.71,106813.37,107286.02,280.84319917
2025-06-28 04:00:00,107286.02,107470.12,107169.11,107458.03,330.473921936
2025-06-28 08:00:00,107458.03,107475.86,107242.11,107360.32,258.9109642144
2025-06-28 12:00:00,107360.32,107536.89,107083.88,107442.05,352.7047397434
2025-06-28 16:00:00,107442.05,107523.96,107209.0,107209.01,231.6655528128
2025-06-28 20:00:00,107209.01,107356.17,107136.0,107275.39,120.2025064328
2025-06-29 00:00:00,107275.39,107480.78,107153.31,107195.23,204.1314981462
2025-06-29 04:00:00,107195.23,107377.95,107195.23,107377.94,193.7291911758
2025-06-29 08:00:00,107377.94,108458.04,107377.94,108440.61,690.492360368
2025-06-29 12:00:00,108440.61,108480.0,107652.72,107738.29,521.6303986622
2025-06-29 16:00:00,107738.29,107774.31,107312.66,107393.92,433.9686096168
2025-06-29 20:00:00,107393.92,108423.46,107253.64,108340.4,415.6342601464
2025-06-30 00:00:00,108340.4,108764.94,108235.0,108493.02,796.7616546762
2025-06-30 04:00:00,108493.02,108533.33,107480.19,107621.0,620.4812963022
2025-06-30 08:00:00,107621.0,107960.13,107405.0,107655.27,551.328172279
2025-06-30 12:00:00,107655.27,107871.95,106777.0,107593.98,1725.7932255748
2025-06-30 16:00:00,107593.98,107817.99,107145.57,107757.21,868.2725391754
2025-06-30 20:00:00,107757.21,107759.34,106959.3,107148.3,575.2221226196
2025-07-01 00:00:00,107148.3,107527.32,107032.28,107206.83,507.822377958
2025-07-01 04:00:00,107206.83,107206.84,106617.32,107180.75,879.3639864068
2025-07-01 08:00:00,107180.75,107180.75,106312.18,106591.4,1070.8945194564
2025-07-01 12:00:00,106591.4,107186.0,105651.18,105960.24,2881.7830029362
2025-07-01 16:00:00,105960.24,106294.31,105405.42,105405.42,1504.9726110942
2025-07-01 20:00:00,105405.42,106085.78,105259.18,105687.0,717.5467089208
2025-07-02 00:00:00,105687.0,106210.48,105121.0,106185.31,1037.3395104242
2025-07-02 04:00:00,106185.31,107166.26,106139.38,107082.17,983.0136601222
2025-07-02 08:00:00,107082.17,107842.46,107082.17,107513.34,1156.5198511894
2025-07-02 12:00:00,107513.34,108739.85,107223.51,108737.75,2104.7215900208
2025-07-02 16:00:00,108737.75,109713.54,108652.03,109660.59,3401.8225853326
2025-07-02 20:00:00,109660.59,109660.59,108743.0,108848.88,816.9886350458
2025-07-03 00:00:00,108848.88,109130.0,108550.43,108642.5,597.5715807286
2025-07-03 04:00:00,108642.5,109550.46,108582.42,109298.13,583.6126581586
2025-07-03 08:00:00,109298.13,110256.86,109298.13,109615.63,994.4823867912
2025-07-03 12:00:00,109615.63,110509.62,108781.77,109128.01,2481.70605694844
2025-07-03 16:00:00,109128.01,109917.96,109037.0,109798.84,570.85600914356
2025-07-03 20:00:00,109798.84,109993.0,109542.0,109588.03,217.74949789786
2025-07-04 00:00:00,109588.03,109789.6,109134.0,109260.64,246.5933403162
2025-07-04 04:00:00,109260.64,109350.44,108714.57,108728.0,496.21545526048
2025-07-04 08:00:00,108728.0,109111.11,108550.43,108900.5,261.42331176166
2025-07-04 12:00:00,108900.5,108980.81,107512.0,107603.01,1251.23727998178
2025-07-04 16:00:00,107603.01,107927.4,107253.11,107485.01,734.73029305018
2025-07-04 20:00:00,107485.01,108270.32,107463.0,107998.0,219.84305304294
2025-07-05 00:00:00,107998.0,108247.9,107748.01,108152.18,179.06957194308
2025-07-05 04:00:00,108152.18,108418.61,108014.0,108054.0,150.55008787738
2025-07-05 08:00:00,108054.0,108227.74,107882.0,108113.58,121.21619206408
2025-07-05 12:00:00,108113.58,108226.5,107964.0,108052.04,92.76091224312
2025-07-05 16:00:00,108052.04,108166.67,107842.71,108144.44,125.20862918512
2025-07-05 20:00:00,108144.44,108221.89,107990.0,108196.5,86.81822652594
2025-07-06 00:00:00,108196.5,108260.47,108023.79,108041.0,86.91414963916
2025-07-06 04:00:00,108041.0,108217.88,107969.0,108044.01,93.26646481416
2025-07-06 08:00:00,108044.01,108122.72,107814.0,108070.3,269.54736111098
2025-07-06 12:00:00,108070.3,109100.0,108043.0,108898.89,1003.85478264368
2025-07-06 16:00:00,108898.89,108963.67,108289.01,108542.56,268.37907055248
2025-07-06 20:00:00,108542.56,109675.0,108542.55,109208.0,713.00978816514
2025-07-07 00:00:00,109208.0,109693.16,108685.11,109393.99,363.6651115132
2025-07-07 04:00:00,109393.99,109448.0,108683.06,109056.33,283.43955019572
2025-07-07 08:00:00,109056.33,109095.23,108575.87,108640.02,375.89422697594
2025-07-07 12:00:00,108640.02,108657.31,107965.0,108312.29,879.7745798903
2025-07-07 16:00:00,108312.29,108500.0,107528.0,108031.01,895.68586576724
2025-07-07 20:00:00,108031.01,108300.0,107792.23,108272.3,254.2755572589
2025-07-08 00:00:00,108272.3,108514.72,107465.06,107917.47,626.388431861
2025-07-08 04:00:00,107917.47,108490.0,107775.0,108472.01,178.11755249728
2025-07-08 08:00:00,108472.01,109025.24,108242.02,108759.0,395.30554445894
2025-07-08 12:00:00,108759.0,109203.12,108204.0,108271.88,725.73260775508
2025-07-08 16:00:00,108271.88,109143.62,108102.0,108769.01,749.37570727346
2025-07-08 20:00:00,108769.01,108974.01,108616.4,108923.01,216.4075648014
2025-07-09 00:00:00,108923.01,109122.71,108348.5,108377.01,305.15090522302
2025-07-09 04:00:00,108377.01,108933.33,108337.54,108693.01,326.50450750308
2025-07-09 08:00:00,108693.01,109109.48,108561.01,109039.03,387.06172702258
2025-07-09 12:00:00,109039.03,109733.48,108494.27,109061.69,1953.87114748616
2025-07-09 16:00:00,109061.69,111975.0,109026.18,111732.98,3754.913381645
2025-07-09 20:00:00,111732.98,111915.99,110562.0,111240.89,1955.73695101472
2025-07-10 00:00:00,111240.89,111554.95,110893.12,111068.81,473.57186234572
2025-07-10 04:00:00,111068.81,111422.72,110941.62,111215.54,592.77299245494
2025-07-10 08:00:00,111215.54,111381.04,110882.35,111028.01,461.763441648804
2025-07-10 12:00:00,111028.01,111407.63,110521.74,111398.52,1201.552378100656
2025-07-10 16:00:00,111398.52,113760.68,111330.1,113285.0,4083.666691463076
2025-07-10 20:00:00,113285.0,116791.1,113261.0,115988.18,4644.164937577848
2025-07-11 00:00:00,115988.18,116933.33,115209.71,116873.52,1278.602876582972
2025-07-11 04:00:00,116873.52,118380.0,116447.4,117547.99,2558.64276469369
2025-07-11 08:00:00,117547.99,118823.53,117547.99,117784.64,1583.588543746586
2025-07-11 12:00:00,117784.64,118216.67,116720.98,116876.47,2730.696229179722
2025-07-11 16:00:00,116876.47,118126.33,116613.0,118067.29,1514.915174976386
2025-07-11 20:00:00,118067.29,118083.98,117135.17,117510.13,877.46219594484
2025-07-12 00:00:00,117510.13,117827.01,117125.0,117763.79,758.031591698036
2025-07-12 04:00:00,117763.79,118037.59,117503.0,117709.3,379.062271624604
2025-07-12 08:00:00,117709.3,118182.5,117634.46,117823.91,416.371831815834
2025-07-12 12:00:00,117823.91,117886.52,116920.19,117105.02,907.770584839712
2025-07-12 16:00:00,117105.02,117634.43,117057.0,117564.21,286.94268505602
2025-07-12 20:00:00,117564.21,117564.21,117000.0,117423.27,221.617521118366
2025-07-13 00:00:00,117423.27,117809.31,117217.01,117748.01,280.390083996482
2025-07-13 04:00:00,117748.01,118052.82,117687.0,117988.0,222.449643345456
2025-07-13 08:00:00,117988.0,118079.99,117690.01,118078.24,228.130263953644
2025-07-13 12:00:00,118078.24,119345.24,117960.0,118667.0,1748.215279049554
2025-07-13 16:00:00,118667.0,119480.0,118365.52,118954.9,613.357558079544
2025-07-13 20:00:00,118954.9,119365.85,118232.47,119066.19,677.284244790308
2025-07-14 00:00:00,119066.19,121427.5,118898.0,120742.8,2916.627769383242
2025-07-14 04:00:00,120742.8,123214.52,120554.84,122714.91,4382.47180664398
2025-07-14 08:00:00,122714.91,122747.4,121302.11,121474.0,2011.557417699626
2025-07-14 12:00:00,121474.0,122111.86,119587.0,119871.97,2531.207501075356
2025-07-14 16:00:00,119871.97,120526.35,119206.01,119972.07,2052.732242679482
2025-07-14 20:00:00,119972.07,120461.54,119558.3,119853.01,743.324740817318
2025-07-15 00:00:00,119853.01,119937.92,116852.08,117151.01,3011.056936207442
2025-07-15 04:00:00,117151.01,117740.95,116297.01,116795.01,3059.07650181338
2025-07-15 08:00:00,116795.01,117235.28,116342.03,117128.58,1066.901585810942
2025-07-15 12:00:00,117128.58,118475.43,115776.28,116391.01,5400.037293390768
2025-07-15 16:00:00,116391.01,117738.82,116000.0,116388.6,2668.250819603856
2025-07-15 20:00:00,116388.6,117960.53,116188.08,117736.76,1277.872481451718
2025-07-16 00:00:00,117736.76,118197.12,117008.0,117477.02,732.886620863188
2025-07-16 04:00:00,117477.02,118279.58,117268.0,118164.15,762.011803333472
2025-07-16 08:00:00,118164.15,119296.3,118109.0,118764.73,1165.433516183752
2025-07-16 12:00:00,118764.73,119786.67,118186.68,119104.48,2484.076240478388
2025-07-16 16:00:00,119104.48,119900.01,118487.92,119251.0,1474.661730786672
2025-07-16 20:00:00,119251.0,120071.42,118403.91,118625.0,1209.464935220236
2025-07-17 00:00:00,118625.0,119156.63,117699.0,118114.57,1123.712233461346
2025-07-17 04:00:00,118114.57,118749.18,117846.99,118294.0,1163.773784037266
2025-07-17 08:00:00,118294.0,119154.0,117973.71,117996.19,929.67358066501
2025-07-17 12:00:00,117996.19,119074.95,117450.01,118859.46,1819.678739156444
2025-07-17 16:00:00,118859.46,119855.39,118320.02,118891.53,1747.69877369199
2025-07-17 20:00:00,118891.53,120933.22,118370.01,119181.66,2605.408360121656
2025-07-18 00:00:00,119181.66,120742.53,119013.56,120187.55,1919.563487682088
2025-07-18 04:00:00,120187.55,120824.94,119287.77,119358.56,2083.3649429142
2025-07-18 08:00:00,119358.56,119467.54,118390.0,119191.26,2603.326985143146
2025-07-18 12:00:00,119191.26,119515.54,117297.58,117872.69,3654.90638833305
2025-07-18 16:00:00,117872.69,118083.32,117159.7,117377.08,2282.636886594066
2025-07-18 20:00:00,117377.08,118028.61,116833.0,117941.92,2019.641742101304
2025-07-19 00:00:00,117941.92,118366.67,117630.0,118321.59,750.696034980358
2025-07-19 04:00:00,118321.59,118357.71,118038.52,118162.45,426.948863045046
2025-07-19 08:00:00,118162.45,118481.5,117945.0,118329.93,703.722961026264
2025-07-19 12:00:00,118329.93,118329.99,117633.0,118059.0,902.284722158398
2025-07-19 16:00:00,118059.0,118154.85,117603.7,118024.48,527.843191884942
2025-07-19 20:00:00,118024.48,118160.91,117289.0,117845.15,646.301262229378
2025-07-20 00:00:00,117845.15,118166.66,117661.0,117970.01,823.865719001476
2025-07-20 04:00:00,117970.01,118216.66,117781.0,118029.99,516.466325698284
2025-07-20 08:00:00,118029.99,118290.72,117828.0,117883.2,932.780573815406
2025-07-20 12:00:00,117883.2,118802.92,117727.27,118683.01,1534.137032575746
2025-07-20 16:00:00,118683.01,118858.59,117951.32,118150.01,1308.695387699572
2025-07-20 20:00:00,118150.01,118260.65,116478.79,117270.0,2053.667547382502
2025-07-21 00:00:00,117270.0,118605.49,116532.15,118386.18,1522.79799548595
2025-07-21 04:00:00,118386.18,119663.9,118183.1,119344.6,1170.749124578696
2025-07-21 08:00:00,119344.6,119489.3,118067.01,118067.04,1156.265382562052
2025-07-21 12:00:00,118067.04,119232.58,117776.01,118328.36,2100.428031135282
2025-07-21 16:00:00,118328.36,118396.58,116672.63,116749.31,2885.013723418064
2025-07-21 20:00:00,116749.31,117637.93,116631.1,117386.01,1099.637730558396
2025-07-22 00:00:00,117386.01,117940.27,116130.0,117217.27,3184.020026806458
2025-07-22 04:00:00,117217.27,118558.0,116558.82,117971.87,2083.758102303616
2025-07-22 08:00:00,117971.87,119175.25,117459.72,119133.01,1592.86221398395
2025-07-22 12:00:00,119133.01,119584.58,117560.0,118918.27,2696.576863816854
2025-07-22 16:00:00,118918.27,120188.52,118372.28,119280.75,3166.692719085852
2025-07-22 20:00:00,119280.75,120224.83,119205.0,119935.78,988.286083504644
2025-07-23 00:00:00,119935.78,120094.62,118528.29,118615.1,1273.308553229192
2025-07-23 04:00:00,118615.1,119013.23,118288.0,118355.25,693.342394919708
2025-07-23 08:00:00,118355.25,118601.24,117843.85,118519.51,1907.256622539476
2025-07-23 12:00:00,118519.51,118698.62,117299.02,118568.19,3077.536572380288
2025-07-23 16:00:00,118568.19,118568.2,117316.66,118398.19,2325.784552577508
2025-07-23 20:00:00,118398.19,118758.98,117376.2,118753.72,1489.876683088428
2025-07-24 00:00:00,118753.72,119266.43,118458.0,118486.97,1251.848014057686
2025-07-24 04:00:00,118486.97,118577.32,117110.0,118382.32,2775.07815703266
2025-07-24 08:00:00,118382.32,118796.0,117945.96,118594.01,2056.91719957484
2025-07-24 12:00:00,118594.01,119465.51,117818.0,119080.25,3137.847210641242
2025-07-24 16:00:00,119080.25,119399.99,118347.0,118935.3,2111.561732471076
2025-07-24 20:00:00,118935.3,119006.32,118179.0,118336.48,800.581591782818
2025-07-25 00:00:00,118336.48,118458.64,115347.99,115426.44,5159.927527362044
2025-07-25 04:00:00,115426.44,116133.78,114727.69,115317.68,4599.135312545482
2025-07-25 08:00:00,115317.68,116772.27,115003.76,116532.0,4581.167277385278
2025-07-25 12:00:00,116532.0,116650.83,114889.37,115707.12,5435.198243872064
2025-07-25 16:00:00,115707.12,116991.0,115436.0,116684.79,2445.91561661374
2025-07-25 20:00:00,116684.79,117620.46,116558.02,117599.01,1237.394759644894
2025-07-26 00:00:00,117599.01,117733.33,117118.95,117474.0,837.946578777858
2025-07-26 04:00:00,117474.0,117535.52,117271.01,117292.51,617.125263433982
2025-07-26 08:00:00,117292.51,118181.82,117292.5,117754.0,1060.697701584696
2025-07-26 12:00:00,117754.0,118199.95,117738.01,118103.78,975.864700812916
2025-07-26 16:00:00,118103.78,118286.08,117914.5,118209.49,748.696958864146
2025-07-26 20:00:00,118209.49,118270.66,117864.0,117895.01,562.21825737292
2025-07-27 00:00:00,117895.01,118350.0,117819.0,118193.0,580.119968079994
2025-07-27 04:00:00,118193.0,118450.0,118075.0,118113.6,609.626444412696
2025-07-27 08:00:00,118113.6,118296.48,117862.07,118066.78,737.390155333434
2025-07-27 12:00:00,118066.78,118596.05,117876.28,118594.23,1278.404922948648
2025-07-27 16:00:00,118594.23,119517.62,118594.22,118957.0,1847.081446228674
2025-07-27 20:00:00,118957.0,119770.69,118712.0,119422.05,1004.944695682834
2025-07-28 00:00:00,119422.05,119794.92,118952.34,119263.01,1599.610131973702
2025-07-28 04:00:00,119263.01,119656.21,118750.0,118875.13,1399.356498897342
2025-07-28 08:00:00,118875.13,119089.53,118487.77,118829.83,1375.20245807674
2025-07-28 12:00:00,118829.83,119087.19,117906.0,118174.74,3038.178279699286
2025-07-28 16:00:00,118174.74,118371.49,117407.06,118071.44,2510.175843497442
2025-07-28 20:00:00,118071.44,118352.98,117506.67,118089.46,1054.538765326582
2025-07-29 00:00:00,118089.46,118806.0,117478.76,118776.35,1920.39517455737
2025-07-29 04:00:00,118776.35,119280.0,118423.56,118888.82,1872.585362226792
2025-07-29 08:00:00,118888.82,119051.55,118160.02,118600.0,1487.326344865
2025-07-29 12:00:00,118600.0,119080.42,117279.63,117395.0,3218.55884201234
2025-07-29 16:00:00,117395.0,118065.6,117000.0,117537.76,2521.847973647286
2025-07-29 20:00:00,117537.76,117984.52,117086.52,117935.25,1544.230316044436
2025-07-30 00:00:00,117935.25,118245.46,117413.0,118152.77,1139.991139233232
2025-07-30 04:00:00,118152.77,118397.15,117655.19,118117.8,693.113634303894
2025-07-30 08:00:00,118117.8,118471.86,117367.1,117582.8,1487.973798576158
2025-07-30 12:00:00,117582.8,118782.52,117347.0,117997.29,3412.307514573572
2025-07-30 16:00:00,117997.29,118041.76,115794.25,116922.32,4162.06647249177
2025-07-30 20:00:00,116922.32,117902.56,116888.0,117826.01,1117.570074631186
2025-07-31 00:00:00,117826.01,118599.42,117773.01,118465.57,1641.201424714008
2025-07-31 04:00:00,118465.57,118911.19,118279.0,118656.24,953.651089360846
2025-07-31 08:00:00,118656.24,118759.0,118279.0,118353.98,766.35143270157
2025-07-31 12:00:00,118353.98,118709.68,117812.0,118306.62,2766.204692702106
2025-07-31 16:00:00,118306.62,118884.33,116745.51,116784.0,3265.276332503586
2025-07-31 20:00:00,116784.0,116986.75,115498.31,115773.97,3076.176086586496
2025-08-01 00:00:00,115773.97,116060.45,114325.26,115646.73,3660.161196262828
2025-08-01 04:00:00,115646.73,115921.55,114636.0,115088.17,1923.394966302212
2025-08-01 08:00:00,115088.17,115348.53,114122.81,115295.22,2752.39022639389
2025-08-01 12:00:00,115295.22,116003.23,113968.6,115371.14,6762.71440915727
2025-08-01 16:00:00,115371.14,115710.0,113256.99,113355.85,3692.50634539177
2025-08-01 20:00:00,113355.85,114108.51,112751.35,113369.01,2906.356861553662
2025-08-02 00:00:00,113369.01,113959.99,113261.0,113956.71,845.552883905406
2025-08-02 04:00:00,113956.71,114098.77,113501.32,114001.77,731.708941084226
2025-08-02 08:00:00,114001.77,114064.23,113463.0,113805.02,592.998537914362
2025-08-02 12:00:00,113805.02,113805.03,112832.99,112860.58,898.28207488457
2025-08-02 16:00:00,112860.58,113433.5,112018.01,112255.99,2382.639986435532
2025-08-02 20:00:00,112255.99,113088.24,112100.0,112576.0,992.408133654112
2025-08-03 00:00:00,112576.0,113744.73,111914.0,113628.0,1211.152124399472
2025-08-03 04:00:00,113628.0,113741.38,113363.0,113717.8,347.539266664782
2025-08-03 08:00:00,113717.8,114260.0,113571.01,113870.0,692.56762732973
2025-08-03 12:00:00,113870.0,114106.64,113600.88,113961.84,724.205750312816
2025-08-03 16:00:00,113961.84,114784.05,113778.98,114315.68,1005.946536783016
2025-08-03 20:00:00,114315.68,114624.87,114068.0,114213.01,613.07394688168
2025-08-04 00:00:00,114213.01,115020.82,114116.92,114579.96,1029.389535273644
2025-08-04 04:00:00,114579.96,114779.95,114153.86,114650.52,736.688779391082
2025-08-04 08:00:00,114650.52,114767.17,114219.55,114507.24,908.104313001892
2025-08-04 12:00:00,114507.24,115476.06,114128.05,114824.0,2665.166790477052
2025-08-04 16:00:00,114824.0,115729.51,114732.01,114768.32,1540.468246019488
2025-08-04 20:00:00,114768.32,115348.68,114635.25,115066.02,840.3945737748
2025-08-05 00:00:00,115066.02,115134.09,114280.62,114280.62,998.805691936424
2025-08-05 04:00:00,114280.62,114531.67,113727.01,113985.47,1029.553576100322
2025-08-05 08:00:00,113985.47,115087.18,113937.0,114827.81,1187.358704662994
2025-08-05 12:00:00,114827.81,114907.0,112666.0,112948.79,4209.4431019654
2025-08-05 16:00:00,112948.79,113794.39,112837.0,113642.35,1446.733442145346
2025-08-05 20:00:00,113642.35,114243.28,113312.34,114126.9,630.881997123
2025-08-06 00:00:00,114126.9,114141.58,113405.0,113531.0,689.215954817908
2025-08-06 04:00:00,113531.0,114420.27,113359.71,114228.5,1012.177257491794
2025-08-06 08:00:00,114228.5,114436.66,113739.0,114254.19,1334.59776795179
2025-08-06 12:00:00,114254.19,115526.77,113597.64,115411.25,2972.714869694666
2025-08-06 16:00:00,115411.25,115705.6,114956.0,115265.21,1433.989745829754
2025-08-06 20:00:00,115265.21,115265.22,114800.0,115008.76,389.014693952776
2025-08-07 00:00:00,115008.76,115198.64,114404.84,114554.32,708.334088484324
2025-08-07 04:00:00,114554.32,114870.0,114283.0,114793.26,703.880014718788
2025-08-07 08:00:00,114793.26,116815.94,114793.26,116493.96,2495.331206305914
2025-08-07 12:00:00,116493.96,116789.33,116022.18,116695.0,2523.021340568634
2025-08-07 16:00:00,116695.0,117528.54,115631.62,117466.3,2538.056708962856
2025-08-07 20:00:00,117466.3,117646.92,117022.13,117496.02,1212.656843770422
2025-08-08 00:00:00,117496.02,117655.18,116717.99,116772.83,1677.754359793172
2025-08-08 04:00:00,116772.83,116994.09,116426.3,116857.65,975.055110179246
2025-08-08 08:00:00,116857.65,116944.99,116340.4,116908.91,918.776157948772
2025-08-08 12:00:00,116908.91,117272.72,115906.0,116218.2,2155.919741098392
2025-08-08 16:00:00,116218.2,116904.1,116009.1,116448.0,1653.16163043664
2025-08-08 20:00:00,116448.0,116980.0,116317.85,116679.98,535.913874984028
2025-08-09 00:00:00,116679.98,116750.0,116362.0,116396.02,522.735228910486
2025-08-09 04:00:00,116396.02,116988.89,116371.47,116764.01,1233.406289826642
2025-08-09 08:00:00,116764.01,117944.44,116763.0,117128.43,1565.850695271978
2025-08-09 12:00:00,117128.43,117252.99,116718.0,116903.72,995.378670438482
2025-08-09 16:00:00,116903.72,116958.46,116541.68,116576.7,455.542418093566
2025-08-09 20:00:00,116576.7,117048.4,116415.73,116484.02,921.91748724375
2025-08-10 00:00:00,116484.02,118506.39,116477.09,118506.39,2075.319937728808
2025-08-10 04:00:00,118506.39,118730.13,117437.44,117816.92,1895.474836974494
2025-08-10 08:00:00,117816.92,118505.32,117600.66,118318.76,1275.36773148728
2025-08-10 12:00:00,118318.76,119109.51,118236.0,118810.29,2099.397109072912
2025-08-10 16:00:00,118810.29,118942.77,118446.81,118682.01,700.163947867438
2025-08-10 20:00:00,118682.01,119323.5,118088.84,119299.09,2206.28247044953
2025-08-11 00:00:00,119299.09,122164.76,118996.0,121731.01,4887.470371875262
2025-08-11 04:00:00,121731.01,122323.42,121464.81,121534.46,2767.483547216234
2025-08-11 08:00:00,121534.46,121785.71,120276.0,120557.28,2496.804341329744
2025-08-11 12:00:00,120557.28,120665.67,119379.09,120309.6,3825.509167785846
2025-08-11 16:00:00,120309.6,120807.4,118597.62,119093.16,2242.94139260108
2025-08-11 20:00:00,119093.16,119188.33,118080.56,118699.0,1233.0214610696
2025-08-12 00:00:00,118699.0,119307.58,118609.04,118861.84,1219.101363118528
2025-08-12 04:00:00,118861.84,119168.56,118428.16,118989.02,1167.6069594338
2025-08-12 08:00:00,118989.02,119064.53,118211.11,118525.0,1030.569358783414
2025-08-12 12:00:00,118525.0,119957.0,118291.36,119928.36,2653.102876406802
2025-08-12 16:00:00,119928.36,120190.47,119188.0,119663.01,1787.810393390976
2025-08-12 20:00:00,119663.01,120326.53,119489.28,120138.74,1407.839457961478
2025-08-13 00:00:00,120138.74,120213.15,119088.02,119493.42,1830.456276022968
2025-08-13 04:00:00,119493.42,119848.9,118934.6,119580.41,1307.942576321478
2025-08-13 08:00:00,119580.41,120730.3,119453.88,120562.59,1135.744702619806
2025-08-13 12:00:00,120562.59,122214.9,120100.01,120934.22,3605.606392650644
2025-08-13 16:00:00,120934.22,122862.7,120934.22,122746.09,2119.509139013188
2025-08-13 20:00:00,122746.09,123696.99,122293.48,123313.06,2045.063762360646
2025-08-14 00:00:00,123313.06,124496.45,123255.99,123351.01,1936.733585963662
2025-08-14 04:00:00,123351.01,123444.88,121305.01,121727.82,2600.265541451058
2025-08-14 08:00:00,121727.82,122026.94,120709.32,120992.47,1595.689691470386
2025-08-14 12:00:00,120992.47,121213.4,117717.86,118312.7,6341.121237159706
2025-08-14 16:00:00,118312.7,118544.89,117200.0,117970.18,1994.710583996164
2025-08-14 20:00:00,117970.18,118526.81,117333.0,118299.4,1156.157923142934
2025-08-15 00:00:00,118299.4,119098.75,118039.0,118977.59,1059.09321153558
2025-08-15 04:00:00,118977.59,119230.77,118633.01,118959.14,872.219243658854
2025-08-15 08:00:00,118959.14,119164.37,118602.5,119005.93,625.47571748824
2025-08-15 12:00:00,119005.93,119136.73,116860.0,117315.0,2232.68173961468
2025-08-15 16:00:00,117315.0,117921.12,116831.64,116959.82,1112.61374385436
2025-08-15 20:00:00,116959.82,117776.89,116884.0,117338.56,418.35488185224
2025-08-16 00:00:00,117338.56,117891.52,117229.0,117430.07,483.1908845084
2025-08-16 04:00:00,117430.07,117894.14,117281.01,117595.03,591.10548871232
2025-08-16 08:00:00,117595.03,117705.4,117146.74,117394.23,640.43615691816
2025-08-16 12:00:00,117394.23,117840.54,117336.8,117681.5,489.89481627376
2025-08-16 16:00:00,117681.5,117821.51,117631.56,117677.4,285.40935308368
2025-08-16 20:00:00,117677.4,117721.33,117232.81,117411.01,304.6704960796
2025-08-17 00:00:00,117411.01,117787.23,117200.0,117715.96,318.7108227744
2025-08-17 04:00:00,117715.96,118253.67,117715.95,118017.29,458.05933160788
2025-08-17 08:00:00,118017.29,118489.19,117940.12,118311.53,427.36356974244
2025-08-17 12:00:00,118311.53,118588.92,118072.0,118264.37,464.92170969664
2025-08-17 16:00:00,118264.37,118336.8,117333.33,117594.8,610.5525295752
2025-08-17 20:00:00,117594.8,118017.67,117380.81,117433.32,270.78108353392
2025-08-18 00:00:00,117433.32,117568.26,115014.5,115334.72,2045.9395306266
2025-08-18 04:00:00,115334.72,115721.05,114903.0,115226.52,1372.54586294474
2025-08-18 08:00:00,115226.52,115426.74,114664.2,114964.01,1244.1889578559
2025-08-18 12:00:00,114964.01,116200.0,114862.64,116162.01,1602.98772755484
2025-08-18 16:00:00,116162.01,116813.64,115843.08,116325.6,953.66692804914
2025-08-18 20:00:00,116325.6,116998.22,115986.0,116249.83,467.57643861
2025-08-19 00:00:00,116249.83,116734.35,114800.0,114814.01,894.07168694046
2025-08-19 04:00:00,114814.01,115488.92,114375.0,114998.17,1213.86979683564
2025-08-19 08:00:00,114998.17,115679.49,114817.73,115535.89,844.62123951898
2025-08-19 12:00:00,115535.89,115888.0,113587.41,113817.99,2743.09301766366
2025-08-19 16:00:00,113817.99,113919.64,112800.01,113160.45,1451.8517780397
2025-08-19 20:00:00,113160.45,113610.02,112753.0,112894.23,850.86451890556
2025-08-20 00:00:00,112894.23,113672.54,112604.0,113548.4,1419.18358702298
2025-08-20 04:00:00,113548.4,113870.07,113446.31,113513.54,599.84510881684
2025-08-20 08:00:00,113513.54,114064.29,113067.07,113684.2,1413.60043588438
2025-08-20 12:00:00,113684.2,114323.31,112367.79,113364.95,2042.75539806122
2025-08-20 16:00:00,113364.95,114467.78,113263.04,114289.58,1520.31704061056
2025-08-20 20:00:00,114289.58,114618.5,113997.01,114278.71,391.68959726482
2025-08-21 00:00:00,114278.71,114824.44,113891.51,113953.01,921.68446347194
2025-08-21 04:00:00,113953.01,114033.18,113575.19,113902.36,479.30061634214
2025-08-21 08:00:00,113902.36,113994.82,112993.4,113153.0,820.1488760174
2025-08-21 12:00:00,113153.0,113986.77,112624.01,112813.15,1320.59960030928
2025-08-21 16:00:00,112813.15,112990.44,112013.52,112204.58,1042.79963470732
2025-08-21 20:00:00,112204.58,112874.99,112064.33,112511.06,597.68700042248
2025-08-22 00:00:00,112511.06,113519.59,112323.22,112925.98,780.99033119692
2025-08-22 04:00:00,112925.98,113390.48,112713.45,113083.99,726.7696441447
2025-08-22 08:00:00,113083.99,113317.66,112182.86,112324.73,948.03592557762
2025-08-22 12:00:00,112324.73,117310.34,111690.22,116376.99,4723.39827469166
2025-08-22 16:00:00,116376.99,117450.8,116125.01,116696.45,2020.97888174524
2025-08-22 20:00:00,116696.45,117182.36,116565.0,116949.17,720.93754785112
2025-08-23 00:00:00,116949.17,117040.36,115469.65,115585.01,1065.02788509056
2025-08-23 04:00:00,115585.01,116054.08,115564.33,115842.95,571.31317834884
2025-08-23 08:00:00,115842.95,115909.04,115250.01,115331.09,924.05125948866
2025-08-23 12:00:00,115331.09,115517.79,114567.03,114835.79,1049.24900945394
2025-08-23 16:00:00,114835.79,115217.0,114710.0,115163.24,359.14436947274
2025-08-23 20:00:00,115163.24,115453.99,115011.76,115436.36,186.93596559518
2025-08-24 00:00:00,115436.36,115682.13,114957.01,115043.64,619.38499369568
2025-08-24 04:00:00,115043.64,115296.98,114865.79,114900.18,378.47308208638
2025-08-24 08:00:00,114900.18,115072.32,114612.0,114742.41,434.1477554436
2025-08-24 12:00:00,114742.41,114875.0,114363.98,114430.01,818.42012212794
2025-08-24 16:00:00,114430.01,114943.78,110680.31,112631.93,3320.52944260032
2025-08-24 20:00:00,112631.93,113696.96,111671.74,113500.42,1947.59892624806
2025-08-25 00:00:00,113500.42,113664.78,112166.67,112933.57,1246.18449565274
2025-08-25 04:00:00,112933.57,113079.46,111300.0,111517.07,1350.84262753706
2025-08-25 08:00:00,111517.07,111871.19,110975.6,111261.34,1917.54970677016
2025-08-25 12:00:00,111261.34,112577.61,110595.13,112197.86,2309.71478275255
2025-08-25 16:00:00,112197.86,112945.74,110670.0,110711.53,1784.64755301335
2025-08-25 20:00:00,110711.53,111109.02,109281.77,110119.21,4095.7748396902
2025-08-26 00:00:00,110119.21,110119.21,108704.76,109896.8,2385.5159681323
2025-08-26 04:00:00,109896.8,110565.91,109774.43,110309.31,751.709003188
2025-08-26 08:00:00,110309.31,110474.67,109582.44,109895.73,794.1521093239
2025-08-26 12:00:00,109895.73,110816.78,109387.86,109671.93,3381.46694326775
2025-08-26 16:00:00,109671.93,111168.33,109451.36,111108.71,927.12038357755
2025-08-26 20:00:00,111108.71,112369.0,110914.01,111763.48,889.482630349
2025-08-27 00:00:00,111763.48,111832.99,110914.85,111427.56,582.74992289135
2025-08-27 04:00:00,111427.56,111733.99,110637.01,110732.53,694.3497988976
2025-08-27 08:00:00,110732.53,111379.04,110361.45,111324.0,760.53336960695
2025-08-27 12:00:00,111324.0,112628.72,111011.67,112014.96,2590.964689342
2025-08-27 16:00:00,112014.96,112608.01,111538.46,112077.62,1402.16486868165
2025-08-27 20:00:00,112077.62,112453.22,110933.21,111253.54,2468.82449688825
2025-08-28 00:00:00,111253.54,112035.88,110860.07,111993.69,860.6979229823
2025-08-28 04:00:00,111993.69,113359.75,111945.04,113117.27,1365.72110333075
2025-08-28 08:00:00,113117.27,113351.74,112820.4,112917.03,571.9612445652
2025-08-28 12:00:00,112917.03,113469.0,112388.93,112672.77,2408.3979443164
2025-08-28 16:00:00,112672.77,113185.06,111887.12,111895.93,1290.74082130015
2025-08-28 20:00:00,111895.93,112571.33,111863.21,112568.59,563.46698999745
2025-08-29 00:00:00,112568.59,112642.29,111292.61,111700.46,1181.88187646815
2025-08-29 04:00:00,111700.46,111848.91,109896.01,110022.14,2437.89195219645
2025-08-29 08:00:00,110022.14,110284.39,109420.39,110098.27,1560.30378037245
2025-08-29 12:00:00,110098.27,111515.99,108130.59,108408.03,3024.99738400675
2025-08-29 16:00:00,108408.03,108863.43,107949.58,108233.89,1234.760337856
2025-08-29 20:00:00,108233.89,108557.57,107483.21,108375.37,1081.70647839165
2025-08-30 00:00:00,108375.37,108432.08,107355.13,108428.0,1268.11265965985
2025-08-30 04:00:00,108428.0,108678.2,108127.29,108516.18,740.9494211866
2025-08-30 08:00:00,108516.18,108781.07,108405.74,108689.3,572.24500911625
2025-08-30 12:00:00,108689.3,108930.14,108213.38,108884.07,901.98933032055
2025-08-30 16:00:00,108884.07,108899.28,108624.0,108823.27,433.74780318415
2025-08-30 20:00:00,108823.27,108831.1,108475.0,108808.89,353.87129917405
2025-08-31 00:00:00,108808.89,109487.99,108808.89,109220.31,955.7504490471
2025-08-31 04:00:00,109220.31,109231.93,108522.8,108709.85,746.63744915895
2025-08-31 08:00:00,108709.85,109110.27,108318.82,108405.7,1050.65939848275
2025-08-31 12:00:00,108405.7,108863.64,108191.88,108812.39,884.97879168385
2025-08-31 16:00:00,108812.39,109234.17,108548.84,108920.79,560.4117272309
2025-08-31 20:00:00,108920.79,109237.64,108072.51,108256.73,948.7712507798
2025-09-01 00:00:00,108256.73,108494.26,107400.0,107671.02,1630.8674768601
2025-09-01 04:00:00,107671.02,109431.68,107254.53,109431.67,1777.50532554675
2025-09-01 08:00:00,109431.67,109910.16,108184.83,108779.01,1996.21429526765
2025-09-01 12:00:00,108779.01,109526.25,108572.94,108788.99,1473.0918636477
2025-09-01 16:00:00,108788.99,109326.85,108390.9,109219.6,912.7012338456
2025-09-01 20:00:00,109219.6,109439.72,107472.77,109236.52,2344.2521131286
2025-09-02 00:00:00,109236.52,110618.61,108884.67,110327.0,1894.1128521437
2025-09-02 04:00:00,110327.0,110615.86,110000.0,110244.77,1287.9227479813
2025-09-02 08:00:00,110244.77,110717.33,109558.0,109732.94,1340.39999052365
2025-09-02 12:00:00,109732.94,111771.43,108390.9,110834.5,4876.37636439815
2025-09-02 16:00:00,110834.5,111139.23,110199.57,110811.85,1649.3229812203
2025-09-02 20:00:00,110811.85,111545.37,110722.93,111256.93,939.9970991909
2025-09-03 00:00:00,111256.93,111794.0,110906.0,111065.77,964.4665633501
2025-09-03 04:00:00,111065.77,111184.79,110519.26,111090.48,831.8621828594
2025-09-03 08:00:00,111090.48,111718.26,110891.0,111439.01,833.5547691681
2025-09-03 12:00:00,111439.01,112515.08,111025.2,112226.54,2225.8389776487
2025-09-03 16:00:00,112226.54,112582.62,111681.01,112197.98,693.63998409515
2025-09-03 20:00:00,112197.98,112263.15,111611.0,111709.28,303.57462643275
2025-09-04 00:00:00,111709.28,112185.01,111139.0,111152.11,651.47953672925
2025-09-04 04:00:00,111152.11,111328.68,110282.55,110474.76,848.4096444067
2025-09-04 08:00:00,110474.76,111150.0,110420.41,110806.0,740.934948307
2025-09-04 12:00:00,110806.0,111136.35,109346.46,109526.0,2126.92000965045
2025-09-04 16:00:00,109526.0,110203.11,109371.54,109798.87,1184.2120994506
2025-09-04 20:00:00,109798.87,111777.89,109749.01,110736.09,863.73598585065
2025-09-05 00:00:00,110736.09,111486.19,110442.51,111311.48,807.7710712333
2025-09-05 04:00:00,111311.48,112999.0,111136.91,112953.01,1408.20210026865
2025-09-05 08:00:00,112953.01,112987.21,112137.92,112353.32,1096.59627990175
2025-09-05 12:00:00,112353.32,113392.46,110300.0,110727.65,5325.7094391607
2025-09-05 16:00:00,110727.65,111627.64,110217.47,111603.76,1266.51599389825
2025-09-05 20:00:00,111603.76,111713.96,110384.62,110676.98,1136.0030397452
2025-09-06 00:00:00,110676.98,111315.05,110574.04,111088.27,308.71585339425
2025-09-06 04:00:00,111088.27,111088.27,110708.57,110842.77,299.47469553365
2025-09-06 08:00:00,110842.77,110980.55,110672.23,110780.55,432.46525585465
2025-09-06 12:00:00,110780.55,110995.08,110364.0,110395.64,499.00700752615
2025-09-06 16:00:00,110395.64,110403.56,109971.4,110039.4,887.23365849925
2025-09-06 20:00:00,110039.4,110283.49,110036.09,110189.22,249.8402568932
2025-09-07 00:00:00,110189.22,110742.46,110182.98,110639.48,506.7642904786
2025-09-07 04:00:00,110639.48,110912.6,110458.0,110749.39,497.7800957399
2025-09-07 08:00:00,110749.39,111367.45,110720.56,111297.01,778.58930050445
2025-09-07 12:00:00,111297.01,111429.31,111051.67,111327.5,436.65250849425
2025-09-07 16:00:00,111327.5,111375.6,110870.97,111266.34,389.79485240975
2025-09-07 20:00:00,111266.34,111609.37,111000.63,111132.77,551.6620123606
2025-09-08 00:00:00,111132.77,111384.08,110618.61,111060.89,1025.56102512075
2025-09-08 04:00:00,111060.89,111621.35,110910.79,111281.74,557.6544538284
2025-09-08 08:00:00,111281.74,112195.63,111257.67,112052.94,1126.31091021475
2025-09-08 12:00:00,112052.94,112935.49,111889.0,112641.98,1699.38575719855
2025-09-08 16:00:00,112641.98,112687.65,111989.0,112102.49,825.67540359125
2025-09-08 20:00:00,112102.49,112518.82,111910.0,112076.0,342.47105232555
2025-09-09 00:00:00,112076.0,112111.47,111127.56,111714.66,695.8393955831
2025-09-09 04:00:00,111714.66,113292.0,111639.67,113002.98,1354.73938665035
2025-09-09 08:00:00,113002.98,113175.57,112402.93,112442.88,904.883774149
2025-09-09 12:00:00,112442.88,112954.0,110792.68,110894.43,2956.2878043803
2025-09-09 16:00:00,110894.43,111400.0,110808.08,111312.0,484.3014097529
2025-09-09 20:00:00,111312.0,111741.04,111101.34,111541.78,398.88894524495
2025-09-10 00:00:00,111541.78,111588.58,110925.01,111553.06,631.95988469235
2025-09-10 04:00:00,111553.06,112595.05,111363.29,112546.33,865.66355621345
2025-09-10 08:00:00,112546.33,112850.14,112103.02,112313.43,802.01012937865
2025-09-10 12:00:00,112313.43,114309.63,112313.43,113846.01,3503.4478465156
2025-09-10 16:00:00,113846.01,114078.19,113157.89,113585.01,1084.31336574635
2025-09-10 20:00:00,113585.01,114026.56,113523.08,113962.02,879.40974659615
2025-09-11 00:00:00,113962.02,114434.06,113680.6,114400.18,691.3050785854
2025-09-11 04:00:00,114400.18,114459.52,113960.93,114091.99,921.1745994252
2025-09-11 08:00:00,114091.99,114199.2,113766.03,114010.0,822.86831629135
2025-09-11 12:00:00,114010.0,114742.75,113440.25,114178.02,3434.1307195891
2025-09-11 16:00:00,114178.02,114623.13,114109.34,114430.05,750.06820107865
2025-09-11 20:00:00,114430.05,115481.62,114259.66,115479.12,795.24058880485
2025-09-12 00:00:00,115479.12,116319.72,115090.0,115238.01,1921.4409432099
2025-09-12 04:00:00,115238.01,115670.48,115089.18,115089.67,622.4184867723
2025-09-12 08:00:00,115089.67,115280.91,114891.0,114925.76,891.7898707599
2025-09-12 12:00:00,114925.76,115518.02,114750.27,115114.94,1470.52995214
2025-09-12 16:00:00,115114.94,116665.4,115036.69,116633.87,1638.97522625275
2025-09-12 20:00:00,116633.87,116633.87,115767.01,116036.56,865.83438681045
2025-09-13 00:00:00,116036.56,116284.78,115601.36,116004.08,719.06552107795
2025-09-13 04:00:00,116004.08,116004.09,115695.03,115806.0,504.6935806292
2025-09-13 08:00:00,115806.0,116181.8,115804.65,115972.22,540.9338855356
2025-09-13 12:00:00,115972.22,116066.07,115600.64,115777.16,784.58312810155
2025-09-13 16:00:00,115777.16,115826.66,115122.0,115814.01,964.9852681732
2025-09-13 20:00:00,115814.01,116014.01,115807.95,115920.46,301.35760925505
2025-09-14 00:00:00,115920.46,116115.33,115653.01,115680.36,436.55890127405
2025-09-14 04:00:00,115680.36,115942.28,115460.85,115812.0,425.5923229225
2025-09-14 08:00:00,115812.0,116167.56,115750.55,115791.45,562.16143865895
2025-09-14 12:00:00,115791.45,115874.09,115163.0,115233.0,1181.1681954526
2025-09-14 16:00:00,115233.0,115671.52,115195.0,115650.96,577.8144090725
2025-09-14 20:00:00,115650.96,116072.74,115132.91,115289.61,751.6734049454
2025-09-15 00:00:00,115289.61,115595.05,114835.22,115447.31,768.25277432675
2025-09-15 04:00:00,115447.31,116766.01,115402.16,115813.86,1646.5815583465
2025-09-15 08:00:00,115813.86,115815.67,114633.0,115056.56,1624.35422490775
2025-09-15 12:00:00,115056.56,115093.17,114371.25,114863.78,1363.1513122967
2025-09-15 16:00:00,114863.78,115574.81,114604.0,115300.64,935.8467890032
2025-09-15 20:00:00,115300.64,115610.28,115202.22,115359.47,323.0291799522
2025-09-16 00:00:00,115359.47,115523.98,114944.44,115305.43,399.1491903996
2025-09-16 04:00:00,115305.43,116008.0,114929.43,115836.43,1027.3902944475
2025-09-16 08:00:00,115836.43,115987.71,115208.73,115290.87,742.245618048
2025-09-16 12:00:00,115290.87,115917.7,114762.65,115917.7,2259.13501417435
2025-09-16 16:00:00,115917.7,116883.89,115610.0,116799.99,1435.76203450205
2025-09-16 20:00:00,116799.99,116958.42,116589.55,116798.3,489.40755794085
2025-09-17 00:00:00,116798.3,117086.26,116363.0,116363.0,520.55775816145
2025-09-17 04:00:00,116363.0,117283.1,116161.11,117158.01,1058.5009826025
2025-09-17 08:00:00,117158.01,117195.43,116262.26,116262.26,766.41284170745
2025-09-17 12:00:00,116262.26,116534.71,115470.59,115886.06,1448.4381461027
2025-09-17 16:00:00,115886.06,116344.31,114758.0,115670.33,4085.59040108835
2025-09-17 20:00:00,115670.33,116995.26,115326.83,116444.84,1642.31794326215
2025-09-18 00:00:00,116444.84,117880.0,116088.67,117577.57,1950.3704856238
2025-09-18 04:00:00,117577.57,117750.62,116891.78,117076.0,1009.8016930975
2025-09-18 08:00:00,117076.0,117417.52,117003.79,117069.87,709.7712856131
2025-09-18 12:00:00,117069.87,117840.0,116981.13,117586.01,1632.3902751627
2025-09-18 16:00:00,117586.01,117907.37,117181.82,117450.37,977.03323177035
2025-09-18 20:00:00,117450.37,117652.98,116656.74,117076.26,755.0862067738
2025-09-19 00:00:00,117076.26,117455.65,116871.9,116973.0,543.28297072855
2025-09-19 04:00:00,116973.0,117105.35,116625.02,116902.95,787.93581406245
2025-09-19 08:00:00,116902.95,117087.43,116311.7,116403.0,766.5164888928
2025-09-19 12:00:00,116403.0,116541.09,115468.0,115873.55,1527.0206428343
2025-09-19 16:00:00,115873.55,116135.65,115111.04,115126.01,860.70012065485
2025-09-19 20:00:00,115126.01,115657.89,115095.35,115626.95,303.9628896186
2025-09-20 00:00:00,115626.95,115718.29,115416.2,115447.24,314.84412254865
2025-09-20 04:00:00,115447.24,115971.59,115413.0,115956.11,460.6844567927
2025-09-20 08:00:00,115956.11,115958.24,115667.54,115897.52,555.4071464633
2025-09-20 12:00:00,115897.52,116124.23,115810.37,115992.58,528.4313697049
2025-09-20 16:00:00,115992.58,116084.99,115698.33,115698.34,390.7720610609
2025-09-20 20:00:00,115698.34,115936.43,115600.0,115676.33,293.1606363541
2025-09-21 00:00:00,115676.33,115728.76,115449.51,115676.08,392.94273187205
2025-09-21 04:00:00,115676.08,115805.49,115497.82,115805.48,468.99586521805
2025-09-21 08:00:00,115805.48,115812.57,115326.41,115615.17,535.7429008163
2025-09-21 12:00:00,115615.17,115745.57,115486.04,115535.01,504.7573343261
2025-09-21 16:00:00,115535.01,115661.32,115211.0,115484.78,602.47352233675
2025-09-21 20:00:00,115484.78,115548.92,115180.68,115244.87,431.77219785085
2025-09-22 00:00:00,115244.87,115379.78,114139.15,114655.24,2469.83141344355
2025-09-22 04:00:00,114655.24,114661.23,111832.69,112541.7,4780.53856619655
2025-09-22 08:00:00,112541.7,112967.49,112177.0,112875.35,1823.3864728931
2025-09-22 12:00:00,112875.35,113440.0,112385.0,112824.36,1984.22995962105
2025-09-22 16:00:00,112824.36,112901.53,111967.31,112141.2,1136.44346593865
2025-09-22 20:00:00,112141.2,112994.56,112000.0,112655.18,691.9643776883
2025-09-23 00:00:00,112655.18,112838.27,111484.7,112347.03,929.51289853565
2025-09-23 04:00:00,112347.03,113121.95,111870.34,113091.21,1083.8642391284
2025-09-23 08:00:00,113091.21,113278.55,112695.65,112986.05,978.95094648015
2025-09-23 12:00:00,112986.05,113300.0,112500.0,112887.93,1335.6287890836
2025-09-23 16:00:00,112887.93,112971.03,111551.0,111662.06,1201.1344680348
2025-09-23 20:00:00,111662.06,112236.74,111468.09,112009.5,444.5059444593
2025-09-24 00:00:00,112009.5,112500.98,111683.78,111698.07,1667.7168974694
2025-09-24 04:00:00,111698.07,112788.75,111051.88,112560.99,1128.66488887085
2025-09-24 08:00:00,112560.99,113172.79,112405.1,113025.01,824.09118779525
2025-09-24 12:00:00,113025.01,113898.78,112801.14,113344.08,1641.2306136815
2025-09-24 16:00:00,113344.08,113940.0,113160.57,113431.68,701.27511782335
2025-09-24 20:00:00,113431.68,113649.56,113204.0,113308.74,405.478552319
2025-09-25 00:00:00,113308.74,113507.04,112225.0,112550.24,1665.17601855531
2025-09-25 04:00:00,112550.24,112626.6,111452.01,111766.0,1870.49908835254
2025-09-25 08:00:00,111766.0,112238.08,111280.0,111349.73,1256.4890958742
2025-09-25 12:00:00,111349.73,111746.07,110644.0,111599.94,3069.7304231888
2025-09-25 16:00:00,111599.94,111691.41,108640.51,109370.61,4414.13607267558
2025-09-25 20:00:00,109370.61,109686.9,108753.01,109012.65,1573.8587851378
2025-09-26 00:00:00,109012.65,109832.7,108821.1,109608.03,1490.8977048797
2025-09-26 04:00:00,109608.03,109657.75,108912.73,109324.97,2317.90304069428
2025-09-26 08:00:00,109324.97,109705.88,108619.17,109141.59,1451.20389143228
2025-09-26 12:00:00,109141.59,109789.34,108773.02,109034.01,2284.63746178464
2025-09-26 16:00:00,109034.01,110305.14,109032.42,109191.67,1637.6168249701
2025-09-26 20:00:00,109191.67,109684.86,109100.6,109645.68,575.21270499506
2025-09-27 00:00:00,109645.68,109741.79,109332.09,109578.88,519.81065973902
2025-09-27 04:00:00,109578.88,109742.3,109347.02,109411.12,418.1034092369
2025-09-27 08:00:00,109411.12,109491.43,109072.19,109318.32,597.97056722282
2025-09-27 12:00:00,109318.32,109500.0,109200.68,109405.16,692.84191727384
2025-09-27 16:00:00,109405.16,109441.31,109245.1,109426.99,528.18634675468
2025-09-27 20:00:00,109426.99,109705.45,109369.0,109628.83,331.514861139
2025-09-28 00:00:00,109628.83,109790.01,109342.31,109446.25,635.14051415648
2025-09-28 04:00:00,109446.25,109542.42,109264.0,109517.38,281.54591186678
2025-09-28 08:00:00,109517.38,109580.28,109248.0,109378.68,571.58603229108
2025-09-28 12:00:00,109378.68,110037.42,109200.0,110037.42,1192.11931701206
2025-09-28 16:00:00,110037.42,110403.29,110011.0,110327.06,841.07135205912
2025-09-28 20:00:00,110327.06,112344.48,110292.0,112168.35,1224.48018664788
2025-09-29 00:00:00,112168.35,112320.96,111584.71,111870.03,823.997948796
2025-09-29 04:00:00,111870.03,111904.6,111554.37,111873.49,752.83384789028
2025-09-29 08:00:00,111873.49,112435.93,111873.48,112102.31,864.07290546262
2025-09-29 12:00:00,112102.31,114247.29,111905.01,113809.02,3290.76848926744
2025-09-29 16:00:00,113809.02,114378.34,113449.0,114247.86,1343.52914388792
2025-09-29 20:00:00,114247.86,114408.7,114009.64,114304.79,743.76000467618
2025-09-30 00:00:00,114304.79,114781.8,114038.75,114373.08,1613.1235820994
2025-09-30 04:00:00,114373.08,114373.09,113590.56,113712.05,1083.05070348168
2025-09-30 08:00:00,113712.05,113751.85,112663.02,113058.01,1997.45266996514
2025-09-30 12:00:00,113058.01,113682.89,112854.0,113110.86,2242.18189688264
2025-09-30 16:00:00,113110.86,114567.84,112798.25,114349.42,1191.10116007952
2025-09-30 20:00:00,114349.42,114761.08,113760.66,114042.01,695.08691593228
2025-10-01 00:00:00,114042.01,114549.36,113959.01,114182.45,449.41395932394
2025-10-01 04:00:00,114182.45,114739.35,114138.26,114538.76,954.18312933892
2025-10-01 08:00:00,114538.76,116785.96,114480.68,116782.18,3109.3932508097
2025-10-01 12:00:00,116782.18,117659.84,116362.18,117414.94,2281.79007993788
2025-10-01 16:00:00,117414.94,118200.0,116734.35,117434.61,1723.8704475032
2025-10-01 20:00:00,117434.61,118657.67,117167.15,118598.52,1126.94999781448
2025-10-02 00:00:00,118598.52,119450.0,118376.15,118712.3,2276.74666919748
2025-10-02 04:00:00,118712.3,118906.63,118276.0,118475.37,1252.70816328238
2025-10-02 08:00:00,118475.37,118906.81,118342.2,118756.26,927.74726136786
2025-10-02 12:00:00,118756.26,119924.66,118517.61,119924.65,2997.67988329002
2025-10-02 16:00:00,119924.65,121017.54,119346.88,120826.16,2706.8489500408
2025-10-02 20:00:00,120826.16,120912.35,120069.67,120540.27,966.58954480784
2025-10-03 00:00:00,120540.27,120557.27,119811.44,120213.03,1053.33125511492
2025-10-03 04:00:00,120213.03,120315.99,119600.01,119626.83,889.72703929706
2025-10-03 08:00:00,119626.83,120496.59,119232.78,120314.02,1753.16440144078
2025-10-03 12:00:00,120314.02,122378.75,119876.0,122262.92,3232.5651594916
2025-10-03 16:00:00,122262.92,123888.87,121500.0,122665.84,5317.64526972196
2025-10-03 20:00:00,122665.84,122742.85,122000.01,122243.01,769.76845392704
2025-10-04 00:00:00,122243.01,122340.91,121683.79,122249.52,1004.26913429656
2025-10-04 04:00:00,122249.52,122809.24,122222.0,122325.47,686.7147956271
2025-10-04 08:00:00,122325.47,122538.1,121964.51,121980.0,645.81771561928
2025-10-04 12:00:00,121980.0,122512.14,121703.41,121790.99,1039.8181253444
2025-10-04 16:00:00,121790.99,121969.64,121519.28,121969.64,622.88611691006
2025-10-04 20:00:00,121969.64,122425.02,121879.4,122408.08,450.94969553538
2025-10-05 00:00:00,122408.08,124364.61,122145.0,123775.01,2226.47547222986
2025-10-05 04:00:00,123775.01,125728.35,123732.98,124736.19,3510.31643775908
2025-10-05 08:00:00,124736.19,124875.88,122523.0,123476.24,3260.5233839802
2025-10-05 12:00:00,123476.24,123476.25,122701.67,122829.67,1281.13970403878
2025-10-05 16:00:00,122829.67,123493.99,122325.42,122598.62,1365.51334675942
2025-10-05 20:00:00,122598.62,123568.62,122475.0,123478.96,774.00419258962
2025-10-06 00:00:00,123478.96,124366.88,123080.21,123844.0,1945.41735251464
2025-10-06 04:00:00,123844.0,124176.37,123277.61,123403.81,1129.29063475248
2025-10-06 08:00:00,123403.81,124556.73,123403.81,124216.52,1186.36711233214
2025-10-06 12:00:00,124216.52,125439.04,124181.0,125007.01,3114.4466770546
2025-10-06 16:00:00,125007.01,126200.0,124804.0,125411.0,2814.72685095552
2025-10-06 20:00:00,125411.0,125550.02,124514.96,124670.54,982.44287039138
2025-10-07 00:00:00,124670.54,125093.03,124109.09,124338.23,1314.94283454098
2025-10-07 04:00:00,124338.23,124677.49,123573.58,123681.75,1355.29618182208
2025-10-07 08:00:00,123681.75,124516.66,123319.16,124452.7,1436.05934546594
2025-10-07 12:00:00,124452.7,125131.57,121194.74,121856.91,5780.98819002184
2025-10-07 16:00:00,121856.91,122114.97,120608.7,121637.19,3173.01601162524
2025-10-07 20:00:00,121637.19,122301.91,121266.28,121338.02,1244.4365932285
2025-10-08 00:00:00,121338.02,122233.84,121220.0,121383.81,1566.05896417954
2025-10-08 04:00:00,121383.81,121920.0,121076.39,121599.0,1432.58487635508
2025-10-08 08:00:00,121599.0,123196.06,121525.51,122886.37,1841.3668075007
2025-10-08 12:00:00,122886.37,123368.21,121670.0,122199.04,2062.69342205074
2025-10-08 16:00:00,122199.04,124192.5,122117.09,123450.09,1885.1661686673
2025-10-08 20:00:00,123450.09,123729.83,122806.97,123309.42,602.8553420241
2025-10-09 00:00:00,123309.42,123352.63,121470.28,122033.46,991.42231248032
2025-10-09 04:00:00,122033.46,122266.83,121730.08,121906.59,717.14567758106
2025-10-09 08:00:00,121906.59,122824.27,121145.65,122732.28,1381.75854859626
2025-10-09 12:00:00,122732.28,123749.99,120689.02,121167.13,3855.53651782914
2025-10-09 16:00:00,121167.13,121488.79,119666.67,120950.63,3048.98923477624
2025-10-09 20:00:00,120950.63,121770.62,120851.75,121643.02,893.2415457009
2025-10-10 00:00:00,121643.02,121875.0,120911.78,121036.0,1026.46055503918
2025-10-10 04:00:00,121036.0,121770.76,120865.0,120939.05,1048.10583803754
2025-10-10 08:00:00,120939.05,121781.06,120926.91,121558.2,886.47729417552
2025-10-10 12:00:00,121558.2,122533.86,118500.0,119030.54,5060.16944978024
2025-10-10 16:00:00,119030.54,119453.48,115985.01,116676.48,5187.58730695956
2025-10-10 20:00:00,116676.48,117235.83,102173.61,112819.0,20118.77524499692
2025-10-11 00:00:00,112819.0,113333.17,111032.86,112305.31,4944.25760381538
2025-10-11 04:00:00,112305.31,112971.42,110116.61,110422.77,3521.78986954126
2025-10-11 08:00:00,110422.77,112371.44,110176.6,112292.15,3009.90517876622
2025-10-11 12:00:00,112292.15,112520.52,111794.93,111800.6,1869.00100537664
2025-10-11 16:00:00,111800.6,112198.19,110851.58,111166.21,1489.73916004058
2025-10-11 20:00:00,111166.21,111359.52,109570.07,110638.0,2344.63350210856
2025-10-12 00:00:00,110638.0,111346.35,109582.0,110666.85,2881.30292523708
2025-10-12 04:00:00,110666.85,112109.63,110600.0,111529.74,1453.99774415926
2025-10-12 08:00:00,111529.74,112128.2,111147.0,111853.39,996.03061685488
2025-10-12 12:00:00,111853.39,113737.69,111170.11,113197.48,4837.2685201019
2025-10-12 16:00:00,113197.48,114692.3,113197.48,114342.67,3361.91663540924
2025-10-12 20:00:00,114342.67,115769.99,114252.36,114961.08,2609.60254323624
2025-10-13 00:00:00,114961.08,115985.92,114628.0,114824.01,1979.85631866974
2025-10-13 04:00:00,114824.01,115560.0,114417.06,115398.13,2156.27454504848
2025-10-13 08:00:00,115398.13,115442.65,113600.33,114185.0,1671.06686254592
2025-10-13 12:00:00,114185.0,115539.32,113804.45,114330.74,3294.3451771152
2025-10-13 16:00:00,114330.74,115882.37,114224.01,115787.66,2147.53248373424
2025-10-13 20:00:00,115787.66,115876.72,115015.45,115185.09,811.90714298986
2025-10-14 00:00:00,115185.09,115429.25,113278.44,113507.13,1292.9211240568
2025-10-14 04:00:00,113507.13,113676.15,111373.86,111731.59,3319.03823439428
2025-10-14 08:00:00,111731.59,112141.67,110030.96,111315.0,3043.65346883286
2025-10-14 12:00:00,111315.0,112904.31,109865.58,112890.8,5404.0332880374
2025-10-14 16:00:00,112890.8,113549.99,111706.57,112607.25,3922.33737617322
2025-10-14 20:00:00,112607.25,113578.95,112228.01,113042.12,661.47428761482
2025-10-15 00:00:00,113042.12,113613.18,111820.71,112019.19,802.7499302962
2025-10-15 04:00:00,112019.19,112690.13,111746.68,112578.43,967.50651994532
2025-10-15 08:00:00,112578.43,113519.46,111698.01,111912.91,1772.09118678108
2025-10-15 12:00:00,111912.91,112244.35,110381.08,110797.01,3217.605316197
2025-10-15 16:00:00,110797.01,111554.88,110162.04,111263.14,1380.90014194472
2025-10-15 20:00:00,111263.14,111557.76,110500.0,110758.88,1097.41158499798
2025-10-16 00:00:00,110758.88,111848.09,110362.78,111327.78,1455.99707158762
2025-10-16 04:00:00,111327.78,111769.99,110583.26,110591.0,1826.2864618625
2025-10-16 08:00:00,110591.0,111712.3,109641.94,111407.3,2451.91714018894
2025-10-16 12:00:00,111407.3,111992.27,108372.63,108570.0,4391.91952916872
2025-10-16 16:00:00,108570.0,109273.03,107602.63,108191.31,5169.81995246214
2025-10-16 20:00:00,108191.31,108520.01,107428.57,108183.16,1298.4346719968
2025-10-17 00:00:00,108183.16,109233.96,107934.48,109171.62,1315.15156908224
2025-10-17 04:00:00,109171.62,109227.71,105529.29,105631.08,4044.6476151344
2025-10-17 08:00:00,105631.08,106591.76,103531.72,105685.0,5357.18069655676
2025-10-17 12:00:00,105685.0,106838.43,104533.31,106794.2,1666.188514
2025-10-17 16:00:00,106794.2,107580.14,106075.66,106463.22,768.601662
2025-10-17 20:00:00,106463.22,107444.52,106352.29,106422.16,501.993106
2025-10-18 00:00:00,106422.16,107303.03,106309.91,107075.85,798.88688
2025-10-18 04:00:00,107075.85,107508.37,106469.0,106709.58,671.113286
2025-10-18 08:00:00,106709.58,107222.16,106621.09,107196.54,417.622157
2025-10-18 12:00:00,107196.54,107300.0,106710.0,106935.41,844.061568
2025-10-18 16:00:00,106935.41,107087.78,106475.0,107067.41,318.0738885
2025-10-18 20:00:00,107067.41,107333.09,106842.26,107180.37,241.984719
2025-10-19 00:00:00,107180.37,107364.84,106736.82,107270.16,275.8387305
2025-10-19 04:00:00,107270.16,107288.96,106562.5,106796.91,361.291632
2025-10-19 08:00:00,106796.91,108254.65,106121.6,107778.0,1691.3788905
2025-10-19 12:00:00,107778.0,108618.18,107362.43,108489.75,578.7450855
2025-10-19 16:00:00,108489.75,109440.67,108253.0,108908.28,524.901775
2025-10-19 20:00:00,108908.28,109371.33,108478.01,108652.56,285.970559
2025-10-20 00:00:00,108652.56,110434.18,107423.0,110143.79,596.300961
2025-10-20 04:00:00,110143.79,111415.18,109945.01,111157.8,602.006952
2025-10-20 08:00:00,111157.8,111642.4,110618.62,111020.32,482.193203
2025-10-20 12:00:00,111020.32,111723.02,110602.41,111145.33,566.385358
2025-10-20 16:00:00,111145.33,111310.0,109860.47,110803.97,614.739629
2025-10-20 20:00:00,110803.97,111277.44,110415.0,110533.12,244.626533
2025-10-21 00:00:00,110533.12,110533.13,109065.94,109067.47,383.272612
2025-10-21 04:00:00,109067.47,109067.47,107475.06,108082.16,740.714368
2025-10-21 08:00:00,108082.16,108816.79,107483.2,108573.26,798.790017
2025-10-21 12:00:00,108573.26,113562.5,107924.76,113418.73,1995.920534
2025-10-21 16:00:00,113418.73,113994.97,111335.59,111778.0,1894.558238
2025-10-21 20:00:00,111778.0,111803.32,108029.92,108304.04,1807.450194
2025-10-22 00:00:00,108304.04,108685.13,107840.47,108231.47,1167.032387
2025-10-22 04:00:00,108231.47,108644.74,107615.17,108326.46,449.665675
2025-10-22 08:00:00,108326.46,108357.71,106746.57,107553.65,584.528321
2025-10-22 12:00:00,107553.65,109159.21,107447.33,108403.53,1150.723359
2025-10-22 16:00:00,108403.53,108805.9,107451.97,107890.31,845.888575
2025-10-22 20:00:00,107890.31,108072.74,106707.4,107576.01,547.178062
2025-10-23 00:00:00,107576.01,108711.14,107507.0,108364.21,373.559119
2025-10-23 04:00:00,108364.21,110294.12,108349.47,109271.15,510.075397
2025-10-23 08:00:00,109271.15,109902.59,109092.76,109258.01,386.864353
2025-10-23 12:00:00,109258.01,110111.11,108676.55,109906.06,811.687741
2025-10-23 16:00:00,109906.06,111294.3,109640.01,110190.0,558.142388
2025-10-23 20:00:00,110190.0,110193.86,109333.33,110069.78,217.410838
2025-10-24 00:00:00,110069.78,110829.7,109989.02,110449.7,224.890665
2025-10-24 04:00:00,110449.7,111510.34,110345.0,111048.73,466.845753
2025-10-24 08:00:00,111048.73,111483.66,110610.15,111072.8,489.52539
2025-10-24 12:00:00,111072.8,112119.61,109666.69,110049.65,1592.865368
2025-10-24 16:00:00,110049.65,110939.61,109801.01,110616.62,278.996493
2025-10-24 20:00:00,110616.62,111140.17,110478.01,111016.94,176.221647
2025-10-25 00:00:00,111016.94,111235.29,110673.0,111028.01,132.586804
2025-10-25 04:00:00,111028.01,111819.08,111028.0,111492.88,163.097205
2025-10-25 08:00:00,111492.88,111834.81,111389.0,111566.95,156.069748
2025-10-25 12:00:00,111566.95,111948.76,111313.37,111387.02,171.959407
2025-10-25 16:00:00,111387.02,111735.27,111179.38,111636.76,143.409811
2025-10-25 20:00:00,111636.76,111693.7,111340.01,111655.62,88.395941
2025-10-26 00:00:00,111655.62,111918.66,111268.52,111270.52,140.576192
2025-10-26 04:00:00,111270.52,111735.82,111269.63,111730.14,114.375073
2025-10-26 08:00:00,111730.14,113457.71,111709.0,113288.0,643.662574
2025-10-26 12:00:00,113288.0,114023.68,113276.34,113705.38,814.642472
2025-10-26 16:00:00,113705.38,113791.93,113284.18,113593.61,239.135289
2025-10-26 20:00:00,113593.61,115490.0,112911.01,114557.63,463.142998
2025-10-27 00:00:00,114557.63,115438.42,114367.06,114966.65,334.383243
2025-10-27 04:00:00,114966.65,116400.0,114939.18,115544.74,644.792267
2025-10-27 08:00:00,115544.74,115600.44,114823.0,115344.25,323.203092
2025-10-27 12:00:00,115344.25,115433.21,114512.38,114974.96,561.566631
2025-10-27 16:00:00,114974.96,115783.33,114787.24,114943.8,309.534976
2025-10-27 20:00:00,114943.8,114950.53,113835.36,114114.98,295.307461
2025-10-28 00:00:00,114114.98,114530.0,113580.0,113904.32,281.394372
2025-10-28 04:00:00,113904.32,114373.33,113456.64,114188.76,497.097819
2025-10-28 08:00:00,114188.76,114665.24,114109.31,114348.21,336.387771
2025-10-28 12:00:00,114348.21,116089.5,114138.99,114642.0,782.799708
2025-10-28 16:00:00,114642.0,115586.02,113564.61,113695.65,449.026805
2025-10-28 20:00:00,113695.65,113708.75,112212.0,112896.38,542.880329
2025-10-29 00:00:00,112896.38,112973.21,112096.2,112515.06,260.277789
2025-10-29 04:00:00,112515.06,113593.26,112497.16,113569.4,374.731791
2025-10-29 08:00:00,113569.4,113629.43,112737.15,113132.12,357.689324
2025-10-29 12:00:00,113132.12,113639.25,111403.49,111520.7,757.93451
2025-10-29 16:00:00,111520.7,112022.33,109264.37,110651.52,1294.568684
2025-10-29 20:00:00,110651.52,111786.88,109746.77,110028.37,385.608823
2025-10-30 00:00:00,110028.37,111003.72,109729.73,110754.82,310.803195
2025-10-30 04:00:00,110754.82,111595.75,107935.99,111369.63,1082.116644
2025-10-30 08:00:00,111369.63,111437.21,109693.5,109713.01,413.677067
2025-10-30 12:00:00,109713.01,109780.2,107327.26,107710.39,960.493307
2025-10-30 16:00:00,107710.39,108216.21,106294.12,106540.53,784.722779
2025-10-30 20:00:00,106540.53,108336.12,106325.01,108312.59,332.873339
2025-10-31 00:00:00,108312.59,110023.75,108265.02,109222.34,475.44404
2025-10-31 04:00:00,109222.34,110223.05,109105.01,109438.42,457.21465
2025-10-31 08:00:00,109438.42,110536.36,109211.33,110417.44,361.143845
2025-10-31 12:00:00,110417.44,111158.52,109381.54,110200.02,1010.468426
2025-10-31 16:00:00,110200.02,110310.75,108631.97,109825.85,740.034171
2025-10-31 20:00:00,109825.85,109836.67,109333.31,109611.22,219.583655
2025-11-01 00:00:00,109611.22,110307.68,109392.0,110232.44,273.358891
2025-11-01 04:00:00,110232.44,110562.34,109943.87,110071.11,311.481278
2025-11-01 08:00:00,110071.11,110275.0,109836.0,110139.33,443.158787
2025-11-01 12:00:00,110139.33,110362.31,109713.0,110310.62,567.870817
2025-11-01 16:00:00,110310.62,110540.43,110175.0,110304.09,429.401272
2025-11-01 20:00:00,110304.09,110519.95,109847.19,110092.04,264.517042
2025-11-02 00:00:00,110092.04,110261.87,109881.88,110051.53,357.178614
2025-11-02 04:00:00,110051.53,111025.77,110030.0,110884.0,409.694595
2025-11-02 08:00:00,110884.0,111227.6,110356.0,111193.82,574.744142
2025-11-02 12:00:00,111193.82,111240.61,110071.26,110117.43,744.765608
2025-11-02 16:00:00,110117.43,110330.11,109733.88,110171.91,378.86213
2025-11-02 20:00:00,110171.91,110747.97,109481.5,110552.0,471.202833
2025-11-03 00:00:00,110552.0,110760.8,107916.67,107931.4,894.121993
2025-11-03 04:00:00,107931.4,108072.39,106996.61,107474.0,923.922468
2025-11-03 08:00:00,107474.0,107921.87,106749.51,107802.25,601.673951
2025-11-03 12:00:00,107802.25,108330.79,105500.0,105753.94,1382.910624
2025-11-03 16:00:00,105753.94,107752.59,105317.28,107082.84,867.086051
2025-11-03 20:00:00,107082.84,107165.2,105817.33,106583.03,602.345662
2025-11-04 00:00:00,106583.03,107284.29,105852.0,107144.45,740.443457
2025-11-04 04:00:00,107144.45,107291.8,104200.0,104488.12,1210.568462
2025-11-04 08:00:00,104488.12,104696.63,103600.0,104568.12,1158.683764
2025-11-04 12:00:00,104568.12,104847.81,102931.3,103204.3,2320.932556
2025-11-04 16:00:00,103204.3,103511.18,100000.0,100541.66,1582.564986
2025-11-04 20:00:00,100541.66,101910.04,98964.51,101476.39,1572.038521
2025-11-05 00:00:00,101476.39,102269.66,98965.01,102140.93,1501.115853
2025-11-05 04:00:00,102140.93,102357.95,101481.97,101997.16,759.2842
2025-11-05 08:00:00,101997.16,102200.49,101173.0,102070.61,798.887465
2025-11-05 12:00:00,102070.61,103801.54,101920.22,103722.09,1541.967373
2025-11-05 16:00:00,103722.09,104533.99,103063.64,104007.0,933.939692
2025-11-05 20:00:00,104007.0,104534.75,103287.77,103890.76,615.701017
2025-11-06 00:00:00,103890.76,103933.69,102716.47,103633.36,739.233425
2025-11-06 04:00:00,103633.36,104194.11,102900.96,103184.5,667.382886
2025-11-06 08:00:00,103184.5,103435.69,102650.74,103234.12,511.709285
2025-11-06 12:00:00,103234.12,103634.6,101617.52,102012.22,1347.855139
2025-11-06 16:00:00,102012.22,102388.02,100302.31,101382.89,1007.895893
2025-11-06 20:00:00,101382.89,101649.58,100541.44,101345.07,620.885107
2025-11-07 00:00:00,101345.07,102337.38,100733.2,101913.56,752.031485
2025-11-07 04:00:00,101913.56,102527.71,101582.59,102019.61,564.855201
2025-11-07 08:00:00,102019.61,102056.74,99803.74,100408.98,826.267552
2025-11-07 12:00:00,100408.98,101255.0,99250.0,100800.6,1584.273727
2025-11-07 16:00:00,100800.6,103400.27,100516.83,103396.99,1130.81586
2025-11-07 20:00:00,103396.99,104082.92,102945.93,103338.95,609.963289
2025-11-08 00:00:00,103338.95,103407.61,102519.8,102587.01,469.157774
2025-11-08 04:00:00,102587.01,102839.7,101916.67,102365.44,439.529454
2025-11-08 08:00:00,102365.44,102693.35,101711.67,101857.12,434.484155
2025-11-08 12:00:00,101857.12,102193.28,101460.0,101725.41,622.010089
2025-11-08 16:00:00,101725.41,102246.71,101522.01,102006.94,384.550651
2025-11-08 20:00:00,102006.94,102485.44,101972.01,102313.92,216.52934
2025-11-09 00:00:00,102313.92,102339.04,101400.67,101662.47,468.875914
2025-11-09 04:00:00,101662.47,102136.36,101636.64,101939.7,327.604358
2025-11-09 08:00:00,101939.7,102333.33,101511.58,102250.49,560.765716
2025-11-09 12:00:00,102250.49,104162.9,102058.0,103764.78,1346.815138
2025-11-09 16:00:00,103764.78,104814.48,103333.0,104814.48,727.869965
2025-11-09 20:00:00,104814.48,105496.45,104094.01,104729.26,713.276194
2025-11-10 00:00:00,104729.26,106683.22,104274.19,106028.35,823.615749
2025-11-10 04:00:00,106028.35,106534.27,105849.01,106458.31,600.524993
2025-11-10 08:00:00,106458.31,106597.46,105826.59,106186.54,661.455187
2025-11-10 12:00:00,106186.54,106593.9,104669.25,105068.8,1085.856607
2025-11-10 16:00:00,105068.8,106097.99,104788.06,105823.07,612.037796
2025-11-10 20:00:00,105823.07,106308.57,105273.26,106009.5,484.788822
2025-11-11 00:00:00,106009.5,107512.56,105502.22,106459.23,894.816795
2025-11-11 04:00:00,106459.23,106545.2,104745.73,104782.4,804.123942
2025-11-11 08:00:00,104782.4,105496.95,104767.01,105304.05,729.468381
2025-11-11 12:00:00,105304.05,105502.59,103179.71,103466.93,2391.109662
2025-11-11 16:00:00,103466.93,103750.0,102859.46,103134.62,509.869412
2025-11-11 20:00:00,103134.62,103244.89,102500.0,103058.62,367.738537
2025-11-12 00:00:00,103058.62,103441.24,102685.98,103313.94,436.998175
2025-11-12 04:00:00,103313.94,103650.5,103013.34,103122.48,324.826117
2025-11-12 08:00:00,103122.48,105214.91,103122.48,105021.49,502.872695
2025-11-12 12:00:00,105021.49,105326.91,101976.0,102175.0,1114.321879
2025-11-12 16:00:00,102175.0,102291.39,100811.06,101295.94,978.523538
2025-11-12 20:00:00,101295.94,102000.08,101139.0,101651.01,392.66784
2025-11-13 00:00:00,101651.01,102609.13,100906.66,102120.0,735.974014
2025-11-13 04:00:00,102120.0,104054.05,101658.11,103478.38,888.21434
2025-11-13 08:00:00,103478.38,103807.74,102552.82,102939.02,617.847449
2025-11-13 12:00:00,102939.02,103488.0,101189.06,101386.01,1413.654192
2025-11-13 16:00:00,101386.01,101541.48,98155.0,98679.88,1708.720881
2025-11-13 20:00:00,98679.88,100516.09,98000.0,99688.0,964.595056
2025-11-14 00:00:00,99688.0,99864.86,98702.87,99139.57,938.191313
2025-11-14 04:00:00,99139.57,99189.54,95950.9,97150.38,1935.479368
2025-11-14 08:00:00,97150.38,97549.67,95714.01,96175.07,926.031757
2025-11-14 12:00:00,96175.07,97315.77,94547.5,96799.83,1794.903396
2025-11-14 16:00:00,96799.83,97411.43,94800.0,95789.93,1209.666005
2025-11-14 20:00:00,95789.93,95954.54,94003.5,94592.0,1158.032607
2025-11-15 00:00:00,94592.0,96820.29,94572.28,96415.58,992.861276
2025-11-15 04:00:00,96415.58,96583.92,95914.28,96337.92,775.424942
2025-11-15 08:00:00,96337.92,96354.53,95626.72,95695.66,699.799723
2025-11-15 12:00:00,95695.66,96486.56,95576.92,96260.54,713.530105
2025-11-15 16:00:00,96260.54,96411.19,95728.13,96013.01,559.794868
2025-11-15 20:00:00,96013.01,96021.48,95124.71,95599.15,386.507324
2025-11-16 00:00:00,95599.15,95981.31,94839.12,95822.38,753.308636
2025-11-16 04:00:00,95822.38,96188.63,95649.88,96100.0,462.299864
2025-11-16 08:00:00,96100.0,96632.4,95504.58,95634.2,770.59867
2025-11-16 12:00:00,95634.2,95904.75,94390.24,94587.49,1217.411542
2025-11-16 16:00:00,94587.49,95572.69,93763.74,94024.36,1727.363224
2025-11-16 20:00:00,94024.36,94735.44,92976.7,94253.0,1317.036422
2025-11-17 00:00:00,94253.0,95529.22,93766.57,95495.78,874.090251
2025-11-17 04:00:00,95495.78,95875.16,94881.22,95636.74,747.602545
2025-11-17 08:00:00,95636.74,96021.29,95302.15,95567.02,753.464164
2025-11-17 12:00:00,95567.02,96060.2,93578.94,93963.58,1711.558038
2025-11-17 16:00:00,93963.58,94420.34,91600.0,91690.31,1810.669096
2025-11-17 20:00:00,91690.31,92394.68,91301.54,92207.93,1061.179588
2025-11-18 00:00:00,92207.93,92356.64,89712.64,90844.01,1692.260682
2025-11-18 04:00:00,90844.01,90864.99,89296.84,90501.08,1929.927761
2025-11-18 08:00:00,90501.08,91615.59,90500.0,91524.21,1757.729044
2025-11-18 12:00:00,91524.21,93001.0,90913.43,92900.01,3373.434332
2025-11-18 16:00:00,92900.01,93823.85,92571.52,93180.0,1194.742864
2025-11-18 20:00:00,93180.0,93424.99,92455.3,92962.77,703.113764
2025-11-19 00:00:00,92962.77,92984.94,91669.47,91880.01,1055.643349
2025-11-19 04:00:00,91880.01,92011.65,90029.74,91854.5,1329.857546
2025-11-19 08:00:00,91854.5,91945.08,91071.01,91409.74,859.271216
2025-11-19 12:00:00,91409.74,92385.65,89862.01,89941.65,1628.709496
2025-11-19 16:00:00,89941.65,90230.0,88637.9,88889.34,1623.389951
2025-11-19 20:00:00,88889.34,91588.73,88611.72,91551.14,1263.226518
2025-11-20 00:00:00,91551.14,92803.02,91182.49,92441.0,1073.992485
2025-11-20 04:00:00,92441.0,93166.67,91688.08,92309.78,968.655561
2025-11-20 08:00:00,92309.78,92399.99,91432.65,91940.01,778.531326
2025-11-20 12:00:00,91940.01,92564.71,89822.64,89866.19,1894.954844
2025-11-20 16:00:00,89866.19,89909.15,86115.19,86922.01,2369.315421
2025-11-20 20:00:00,86922.01,88258.81,86346.35,86636.99,1041.01907
2025-11-21 00:00:00,86636.99,87490.0,85371.21,85821.26,1572.471025
2025-11-21 04:00:00,85821.26,86343.59,81940.0,84047.01,3290.156927
2025-11-21 08:00:00,84047.01,84707.25,81653.0,82320.62,2737.586725
2025-11-21 12:00:00,82320.62,85495.5,80650.0,82932.62,4022.227925
2025-11-21 16:00:00,82932.62,85580.0,82332.55,84214.24,2009.785202
2025-11-21 20:00:00,84214.24,85412.97,83462.86,85130.85,1057.625048
2025-11-22 00:00:00,85130.85,85621.49,84210.0,84445.48,833.177739
2025-11-22 04:00:00,84445.48,84799.99,83830.85,84576.32,832.021562
2025-11-22 08:00:00,84576.32,84583.66,83500.38,84089.72,1317.454121
2025-11-22 12:00:00,84089.72,84753.24,83620.7,84284.56,1222.361624
2025-11-22 16:00:00,84284.56,84917.78,84224.13,84609.12,682.973616
2025-11-22 20:00:00,84609.12,85263.57,84237.48,84736.12,610.119354
2025-11-23 00:00:00,84736.12,86343.49,84673.02,86302.35,903.246319
2025-11-23 04:00:00,86302.35,86859.96,85415.81,85773.43,1212.29914
2025-11-23 08:00:00,85773.43,86470.58,85765.53,86335.59,903.52142
2025-11-23 12:00:00,86335.59,87243.6,86270.01,87084.15,1215.621705
2025-11-23 16:00:00,87084.15,87672.73,86502.01,87320.76,1076.83438
2025-11-23 20:00:00,87320.76,88126.87,86721.25,86837.14,981.846868
2025-11-24 00:00:00,86837.14,88068.18,85939.81,87455.66,1567.344285
2025-11-24 04:00:00,87455.66,87835.37,86443.14,87039.78,1305.049708
2025-11-24 08:00:00,87039.78,87039.78,85692.63,86265.98,1348.25994
2025-11-24 12:00:00,86265.98,86760.0,85275.01,86625.69,1831.011292
2025-11-24 16:00:00,86625.69,88833.32,86623.32,88314.96,1836.962816
2025-11-24 20:00:00,88314.96,89212.7,88236.01,88283.43,1004.687534
2025-11-25 00:00:00,88283.43,88283.43,87456.2,87815.29,882.635919
2025-11-25 04:00:00,87815.29,88507.45,87334.0,87386.35,921.970245
2025-11-25 08:00:00,87386.35,87608.95,86679.76,87363.0,1139.382927
2025-11-25 12:00:00,87363.0,87780.0,86111.12,86991.44,2883.970307
2025-11-25 16:00:00,86991.44,88159.63,86190.0,86885.52,932.951122
2025-11-25 20:00:00,86885.52,87887.78,86580.58,87365.51,737.737144
2025-11-26 00:00:00,87365.51,88228.24,87052.0,87117.85,744.424929
2025-11-26 04:00:00,87117.85,87963.19,86897.0,87932.4,624.257055
2025-11-26 08:00:00,87932.4,87941.2,86670.01,87093.65,589.892828
2025-11-26 12:00:00,87093.65,87700.0,86306.69,86979.99,1163.60018
2025-11-26 16:00:00,86979.99,90406.64,86970.0,89950.0,1347.477008
2025-11-26 20:00:00,89950.0,90655.1,89511.11,90482.01,618.791397
2025-11-27 00:00:00,90482.01,91888.01,90086.79,91086.0,1022.651347
2025-11-27 04:00:00,91086.0,91527.26,90880.16,91397.38,964.089876
2025-11-27 08:00:00,91397.38,91926.09,91212.0,91363.29,561.837703
2025-11-27 12:00:00,91363.29,91446.01,90444.24,90953.99,998.286052
2025-11-27 16:00:00,90953.99,91839.99,90849.0,91533.34,690.00698
2025-11-27 20:00:00,91533.34,91599.99,91096.76,91332.39,446.250406
2025-11-28 00:00:00,91332.39,91416.8,90648.23,91196.68,779.407134
2025-11-28 04:00:00,91196.68,91712.73,90860.47,90902.97,730.431746
2025-11-28 08:00:00,90902.97,92028.64,90899.11,91427.14,942.8128
2025-11-28 12:00:00,91427.14,93079.6,91375.0,92357.86,1598.945152
2025-11-28 16:00:00,92357.86,92377.77,90199.68,91151.32,1184.894232
2025-11-28 20:00:00,91151.32,91244.94,90707.0,90888.31,372.805562
2025-11-29 00:00:00,90888.31,91124.72,90541.0,90681.83,395.901348
2025-11-29 04:00:00,90681.83,90800.0,90552.0,90800.0,99.446572
