time_ms,time_iso,open,high,low,close,volume_base,volume_quote
1569859200000,2019-09-30T16:00:00.000Z,8285,10368,7299.5,9213.5,3080600.5734,25971246726.52895
1572537600000,2019-10-31T16:00:00.000Z,9213.5,9508,6515,7537,2026395.7375,17549388660.8374
1575129600000,2019-11-30T16:00:00.000Z,7537,7750,6434,7195,1392612.7955,10054896794.7117
1577808000000,2019-12-31T16:00:00.000Z,7195,9577.5,6871,9338.5,3138312.7242,26340038077.21625
1580486400000,2020-01-31T16:00:00.000Z,9338.5,10505.5,8441,8648,3205817.9205,30920836142.09665
1582992000000,2020-02-29T16:00:00.000Z,8648,9188,3794.5,6452,5061483.5891,33319351603.11485
1585670400000,2020-03-31T16:00:00.000Z,6452,9455,6150,8780,3682324.4772,26331800393.4239
1588262400000,2020-04-30T16:00:00.000Z,8780,10070,8093,9479.5,3776522.601,34768320035.3805
1590940800000,2020-05-31T16:00:00.000Z,9479.5,10400.5,8820,9168.5,3189945.761,30211064897.819
1593532800000,2020-06-30T16:00:00.000Z,9168.5,11450,8902,11355,3020515.452,28831880455.726
1596211200000,2020-07-31T16:00:00.000Z,11355,12496.5,10510,11748.5,3044986.823,35420433638.375
1598889600000,2020-08-31T16:00:00.000Z,11748.5,12061.5,9822.5,10773,2905243.226,30977106061.291
1601481600000,2020-09-30T16:00:00.000Z,10773,14139.5,10370.5,13840.5,2162374.647,24648364931.41
1604160000000,2020-10-31T16:00:00.000Z,13840.5,19942,13196.5,19344,2017112.153,33783382289.2935
1606752000000,2020-11-30T16:00:00.000Z,19344,29358,17566,28792,2263577.476,49151935910.9515
1609430400000,2020-12-31T16:00:00.000Z,28792,42075.5,27861,32901.5,3549000.513,123072907358.1575
1612108800000,2021-01-31T16:00:00.000Z,32901.5,58468,32209,43424,2357175.178,107857857479.5835
1614528000000,2021-02-28T16:00:00.000Z,43424,61907.5,43014.5,59324.5,2659184.035,143655672933.304
1617206400000,2021-03-31T16:00:00.000Z,59324.5,64996,46989.5,57141.5,2194432.267,125017148337.528
1619798400000,2021-04-30T16:00:00.000Z,57141.5,59638.5,28986,36965.5,1752428.084,84320303239.881
1622476800000,2021-05-31T16:00:00.000Z,36950,41313.5,28866,34198,218911.728,7993228428.187
1625068800000,2021-06-30T16:00:00.000Z,34197,42350,29278.5,41541.5,27538.692,962489217.551
1627747200000,2021-07-31T16:00:00.000Z,41531,50540,37283.5,47424.5,45299.34,2099620693.5655
1630425600000,2021-08-31T16:00:00.000Z,47427.5,53066,39526.5,43141.5,945967.471,42320123080.2795
1633017600000,2021-09-30T16:00:00.000Z,43141.5,67124.5,42822,60478,1626711.954,93939710200.2
1635696000000,2021-10-31T16:00:00.000Z,60478,69145.5,53272.5,57248.5,1944161.429,117565016120.204
1638288000000,2021-11-30T16:00:00.000Z,57256,59078,41622.5,47945,2912172.767,143640517741.1435
1640966400000,2021-12-31T16:00:00.000Z,47945,48105,32921,37709,4712311.819,190741917178.56
1643644800000,2022-01-31T16:00:00.000Z,37709,45850,34314,40822,4398239.092,177963573810.136
1646064000000,2022-02-28T16:00:00.000Z,40822,48200,37133,46444.5,5006063.653,208003631921.8665
1648742400000,2022-03-31T16:00:00.000Z,46444.5,47469,37673,38444,3680526.569,152434816641.365
1651334400000,2022-04-30T16:00:00.000Z,38444,40044,26612,32057.5,5883408.357,185864739798.931
1654012800000,2022-05-31T16:00:00.000Z,32057.5,32420,17590,19124,8274216.184,195179687709.8635
1656604800000,2022-06-30T16:00:00.000Z,19124,24685,18616.5,23757,8188075.852,173160383476.422
1659283200000,2022-07-31T16:00:00.000Z,23757,25207,19506.5,20130,5742997.271,128932048245.9765
1661961600000,2022-08-31T16:00:00.000Z,20130,22790,18135.5,19756.5,6360082.767,125681100924.431
1664553600000,2022-09-30T16:00:00.000Z,19756.5,21089,18130,20388,5458264.168,107190544375.571
1667232000000,2022-10-31T16:00:00.000Z,20388,21476,15453,16863.5,6363712.233,112185046404.7755
1669824000000,2022-11-30T16:00:00.000Z,16863.5,18380,16246,16589,4748871.205,80660913682.3995
1672502400000,2022-12-31T16:00:00.000Z,16589,23970,16474.5,23110,6196946.816,126544286119.724
1675180800000,2023-01-31T16:00:00.000Z,23110,25283.5,21340,23509,5305084.513,124046487279.574
1677600000000,2023-02-28T16:00:00.000Z,23509,29185,19542,28492.5,6446086.743,159731559691.4155
1680278400000,2023-03-31T16:00:00.000Z,28492.5,31061.5,26941.5,29637,4354751.319,125520972761.6045
1682870400000,2023-04-30T16:00:00.000Z,29637,29847.5,25788,26895,4438346.047,122222237062.1125
1685548800000,2023-05-31T16:00:00.000Z,26895,31469,24776,30042.5,4518218.33,124904881758.25
1688140800000,2023-06-30T16:00:00.000Z,30042.5,31844,28848.5,29227.5,3558990.64,107228726477.374
1690819200000,2023-07-31T16:00:00.000Z,29227.5,30244,24258,26921,3590663.607,100114040832.112
1693497600000,2023-08-31T16:00:00.000Z,26921,27478.4,24875.5,26992.5,2705222.087,71065648571.6847
1696089600000,2023-09-30T16:00:00.000Z,26992.5,35929.3,26520,34278.7,2573298.72,76895504464.2327
1698768000000,2023-10-31T16:00:00.000Z,34278.7,38480.1,34061.2,37606,2809616.027,102759475656.5265
1701360000000,2023-11-30T16:00:00.000Z,37606,44765.8,37516.3,42477,3976039.5,168811128827.3065
1704038400000,2023-12-31T16:00:00.000Z,42477,48990,38541.7,43333.3,5257392.131,226409394121.6838
1706716800000,2024-01-31T16:00:00.000Z,43333.3,64436.7,41860,62792.2,4359950.39,217928438401.4741
1709222400000,2024-02-29T16:00:00.000Z,62792.2,73844.6,59100,70417.7,7836709.812,526571658586.3819
1711900800000,2024-03-31T16:00:00.000Z,70417.7,72815.9,59550.1,60749.2,6705935.176,441846693366.6786
1714492800000,2024-04-30T16:00:00.000Z,60749.2,72050,56516.9,67203.7,5118212.245,331499843184.4486
1717171200000,2024-05-31T16:00:00.000Z,67203.7,72036.7,58335.6,61699.6,3538276.951,233428382670.5332
1719763200000,2024-06-30T16:00:00.000Z,61699.6,70063.6,53333.3,66325.2,4828811.842,300994671227.4993
1722441600000,2024-07-31T16:00:00.000Z,66325.2,66801.2,48946.6,58972.1,6230141.583,368777987185.6434
1725120000000,2024-08-31T16:00:00.000Z,58972.1,66451.3,52507.4,63535.6,5011571.16,299435403083.2262
1727712000000,2024-09-30T16:00:00.000Z,63535.6,73672,58902.7,70638.6,5565134.54,364428503797.5725
1730390400000,2024-10-31T16:00:00.000Z,70638.6,99660.2,66824.7,96707.4,6843490.298,586012850115.428
1732982400000,2024-11-30T16:00:00.000Z,96707.4,108350,90759.3,95389.6,4951029.624,487195748210.8196
1735660800000,2024-12-31T16:00:00.000Z,95389.6,109988.2,89035.7,105407.2,4877605.885,487360319912.4252
1738339200000,2025-01-31T16:00:00.000Z,105407.2,105536.2,78217.3,83961.2,3601631.2847,340461915391.07613
1740758400000,2025-02-28T16:00:00.000Z,83961.2,94969.7,76562.9,83368,4157069.9706,353488056388.29061
1743436800000,2025-03-31T16:00:00.000Z,83368,95729.2,74466.4,93950.1,4327029.5299,367578464214.33232
1746028800000,2025-04-30T16:00:00.000Z,93950.1,111950,93340,104502,3586771.8402,371890191434.74016
1748707200000,2025-05-31T16:00:00.000Z,104502,110647.8,98137.9,107525.6,2387786.16849041,251678767578.976948686
1751299200000,2025-06-30T16:00:00.000Z,107525.6,123240,105050,118257,2134713.1987113,246142331789.545548652
1753977600000,2025-07-31T16:00:00.000Z,118257,124539.4,107301.1,108755.8,2229819.5394,257106062775.646352
1756656000000,2025-08-31T16:00:00.000Z,108755.8,117855.5,107212,113052.1,1684853.50867415,189781028883.243675499
1759248000000,2025-09-30T16:00:00.000Z,113052.1,126173.6,101668.1,110168,2062626.73573782,237145778464.527342963
1761926400000,2025-10-31T16:00:00.000Z,110168,111198,80600.5,91399,1203008.557,114986925500.16769
1764518400000,2025-11-30T16:00:00.000Z,91399,94543.6,83777.7,87924.7,1207601.6884,107480803584.28267
1767196800000,2025-12-31T16:00:00.000Z,87924.7,97888,80774.4,81266.7,1144908.8793,103484217359.80848
1769875200000,2026-01-31T16:00:00.000Z,81266.7,82160,59900.5,64800.5,1649763.3959,114225428045.73731
1772294400000,2026-02-28T16:00:00.000Z,64800.5,75974.9,64633.7,66697.1,1718762.7061,119837363470.07572
1774972800000,2026-03-31T16:00:00.000Z,66697.1,79459,65657.7,76421.4,1310080.0559,96262191501.62759
1777564800000,2026-04-30T16:00:00.000Z,76421.4,82799,72476.5,73633.4,1166683.588,91112730054.31681
1780243200000,2026-05-31T16:00:00.000Z,73633.4,74170.5,59087.3,64255.8,1195630.3942,76824464928.11055
