timestamp,datetime,open,high,low,close,volume,quoteVolume
1789235100000,2026-09-12T17:45:00.000Z,1.3678,1.3678,1.3658,1.3663,298201,
1789236000000,2026-09-12T18:00:00.000Z,1.3663,1.3663,1.3623,1.3649,2158849,
1789236900000,2026-09-12T18:15:00.000Z,1.3649,1.3657,1.3633,1.3652,2225303,
1789237800000,2026-09-12T18:30:00.000Z,1.3652,1.3654,1.3625,1.3635,2125971,
1789238700000,2026-09-12T18:45:00.000Z,1.3635,1.3644,1.3622,1.3627,278486,
1789239600000,2026-09-12T19:00:00.000Z,1.3627,1.3642,1.3617,1.364,1903208,
1789240500000,2026-09-12T19:15:00.000Z,1.364,1.3641,1.3621,1.3635,1622896,
1789241400000,2026-09-12T19:30:00.000Z,1.3635,1.3635,1.3606,1.3615,2117081,
1789242300000,2026-09-12T19:45:00.000Z,1.3615,1.3628,1.3615,1.362,351039,
1789243200000,2026-09-12T20:00:00.000Z,1.362,1.3654,1.3619,1.3646,803938,
1789244100000,2026-09-12T20:15:00.000Z,1.3646,1.3656,1.364,1.365,395170,
1789245000000,2026-09-12T20:30:00.000Z,1.365,1.3662,1.3642,1.3653,1192565,
1789245900000,2026-09-12T20:45:00.000Z,1.3653,1.3662,1.3637,1.3639,636214,
1789246800000,2026-09-12T21:00:00.000Z,1.3639,1.3659,1.3636,1.3649,1388101,
1789247700000,2026-09-12T21:15:00.000Z,1.3649,1.3649,1.3635,1.3647,82783,
1789248600000,2026-09-12T21:30:00.000Z,1.3647,1.3648,1.3635,1.3636,130591,
1789249500000,2026-09-12T21:45:00.000Z,1.3636,1.3636,1.3619,1.3624,85622,
1789250400000,2026-09-12T22:00:00.000Z,1.3624,1.3639,1.3607,1.3638,1881322,
1789251300000,2026-09-12T22:15:00.000Z,1.3638,1.3652,1.3616,1.3616,961323,
1789252200000,2026-09-12T22:30:00.000Z,1.3616,1.363,1.3609,1.3615,1447964,
1789253100000,2026-09-12T22:45:00.000Z,1.3615,1.3631,1.3614,1.3625,72716,
1789254000000,2026-09-12T23:00:00.000Z,1.3625,1.3638,1.3623,1.3638,358608,
1789254900000,2026-09-12T23:15:00.000Z,1.3638,1.3651,1.3638,1.365,306865,
1789255800000,2026-09-12T23:30:00.000Z,1.365,1.3668,1.3646,1.3663,291938,
1789256700000,2026-09-12T23:45:00.000Z,1.3663,1.3664,1.3656,1.3656,143709,
1789257600000,2026-09-13T00:00:00.000Z,1.3656,1.3661,1.3644,1.3651,366422,
1789258500000,2026-09-13T00:15:00.000Z,1.3651,1.3665,1.364,1.366,355912,
1789259400000,2026-09-13T00:30:00.000Z,1.366,1.3664,1.3653,1.366,76888,
1789260300000,2026-09-13T00:45:00.000Z,1.366,1.3673,1.366,1.3667,147713,
1789261200000,2026-09-13T01:00:00.000Z,1.3667,1.3677,1.3648,1.3657,1701048,
1789262100000,2026-09-13T01:15:00.000Z,1.3657,1.367,1.3637,1.3651,1330946,
1789263000000,2026-09-13T01:30:00.000Z,1.3651,1.3659,1.3633,1.3657,894412,
1789263900000,2026-09-13T01:45:00.000Z,1.3657,1.3674,1.3653,1.367,432742,
1789264800000,2026-09-13T02:00:00.000Z,1.367,1.3671,1.3658,1.366,138339,
1789265700000,2026-09-13T02:15:00.000Z,1.366,1.3662,1.3647,1.3653,429590,
1789266600000,2026-09-13T02:30:00.000Z,1.3653,1.3682,1.3652,1.3681,1388152,
1789267500000,2026-09-13T02:45:00.000Z,1.3681,1.3696,1.3673,1.3675,1022177,
1789268400000,2026-09-13T03:00:00.000Z,1.3675,1.3688,1.3659,1.366,924875,
1789269300000,2026-09-13T03:15:00.000Z,1.366,1.3671,1.3652,1.3652,384099,
1789270200000,2026-09-13T03:30:00.000Z,1.3652,1.3652,1.3623,1.3634,453380,
1789271100000,2026-09-13T03:45:00.000Z,1.3634,1.3642,1.3616,1.363,1494009,
1789272000000,2026-09-13T04:00:00.000Z,1.363,1.3649,1.3627,1.3632,993383,
1789272900000,2026-09-13T04:15:00.000Z,1.3632,1.3645,1.3632,1.3642,206863,
1789273800000,2026-09-13T04:30:00.000Z,1.3642,1.3642,1.3626,1.3633,120093,
1789274700000,2026-09-13T04:45:00.000Z,1.3633,1.3637,1.363,1.3636,138399,
1789275600000,2026-09-13T05:00:00.000Z,1.3636,1.3655,1.3632,1.3654,159173,
1789276500000,2026-09-13T05:15:00.000Z,1.3654,1.3665,1.3652,1.3657,239375,
1789277400000,2026-09-13T05:30:00.000Z,1.3657,1.3669,1.3657,1.3666,160736,
1789278300000,2026-09-13T05:45:00.000Z,1.3666,1.3677,1.3666,1.3671,337009,
1789279200000,2026-09-13T06:00:00.000Z,1.3671,1.3672,1.3661,1.3661,82707,
1789280100000,2026-09-13T06:15:00.000Z,1.3661,1.3661,1.3646,1.365,154632,
1789281000000,2026-09-13T06:30:00.000Z,1.365,1.3651,1.3639,1.3643,106194,
1789281900000,2026-09-13T06:45:00.000Z,1.3643,1.3643,1.3569,1.3599,2868721,
1789282800000,2026-09-13T07:00:00.000Z,1.3599,1.3612,1.3594,1.3607,526329,
1789283700000,2026-09-13T07:15:00.000Z,1.3607,1.3619,1.3601,1.3607,478127,
1789284600000,2026-09-13T07:30:00.000Z,1.3607,1.3607,1.3574,1.3598,1699400,
1789285500000,2026-09-13T07:45:00.000Z,1.3598,1.3598,1.3552,1.3571,1726960,
1789286400000,2026-09-13T08:00:00.000Z,1.3571,1.3591,1.3543,1.3553,1220018,
1789287300000,2026-09-13T08:15:00.000Z,1.3553,1.3556,1.3509,1.3512,791596,
1789288200000,2026-09-13T08:30:00.000Z,1.3512,1.3516,1.3443,1.3456,1933492,
1789289100000,2026-09-13T08:45:00.000Z,1.3456,1.3489,1.3454,1.3475,655324,
1789290000000,2026-09-13T09:00:00.000Z,1.3475,1.3505,1.3475,1.3487,755386,
1789290900000,2026-09-13T09:15:00.000Z,1.3487,1.3491,1.3403,1.3433,1493735,
1789291800000,2026-09-13T09:30:00.000Z,1.3433,1.345,1.3362,1.3423,2221363,
1789292700000,2026-09-13T09:45:00.000Z,1.3423,1.3445,1.3419,1.3438,1191752,
1789293600000,2026-09-13T10:00:00.000Z,1.3438,1.3444,1.3427,1.3438,706721,
1789294500000,2026-09-13T10:15:00.000Z,1.3438,1.344,1.3424,1.3437,510389,
1789295400000,2026-09-13T10:30:00.000Z,1.3437,1.3439,1.339,1.3395,2088683,
1789296300000,2026-09-13T10:45:00.000Z,1.3395,1.3411,1.3373,1.34,1508882,
1789297200000,2026-09-13T11:00:00.000Z,1.34,1.3424,1.338,1.3389,635635,
1789298100000,2026-09-13T11:15:00.000Z,1.3389,1.342,1.3386,1.3411,409500,
1789299000000,2026-09-13T11:30:00.000Z,1.3411,1.3424,1.341,1.3424,1302789,
1789299900000,2026-09-13T11:45:00.000Z,1.3424,1.3433,1.3421,1.3427,623554,
1789300800000,2026-09-13T12:00:00.000Z,1.3427,1.3427,1.3406,1.3415,263142,
1789301700000,2026-09-13T12:15:00.000Z,1.3415,1.3428,1.3414,1.3417,226390,
1789302600000,2026-09-13T12:30:00.000Z,1.3417,1.3431,1.3366,1.3373,1286767,
1789303500000,2026-09-13T12:45:00.000Z,1.3373,1.3401,1.3356,1.3395,1418259,
1789304400000,2026-09-13T13:00:00.000Z,1.3395,1.3405,1.3379,1.3402,174980,
1789305300000,2026-09-13T13:15:00.000Z,1.3402,1.3405,1.3314,1.3332,1976539,
1789306200000,2026-09-13T13:30:00.000Z,1.3332,1.3384,1.3328,1.3381,692288,
1789307100000,2026-09-13T13:45:00.000Z,1.3381,1.3425,1.3381,1.3415,1008835,
1789308000000,2026-09-13T14:00:00.000Z,1.3415,1.3453,1.3414,1.3452,927900,
1789308900000,2026-09-13T14:15:00.000Z,1.3452,1.3488,1.345,1.3481,1290814,
1789309800000,2026-09-13T14:30:00.000Z,1.3481,1.353,1.3472,1.3529,1568929,
1789310700000,2026-09-13T14:45:00.000Z,1.3529,1.3537,1.3494,1.3498,1489521,
1789311600000,2026-09-13T15:00:00.000Z,1.3498,1.3501,1.3462,1.3465,655862,
1789312500000,2026-09-13T15:15:00.000Z,1.3465,1.3473,1.3428,1.3432,680536,
1789313400000,2026-09-13T15:30:00.000Z,1.3432,1.345,1.3427,1.3445,335324,
1789314300000,2026-09-13T15:45:00.000Z,1.3445,1.3451,1.3427,1.3428,184990,
1789315200000,2026-09-13T16:00:00.000Z,1.3428,1.349,1.3426,1.3464,943848,
1789316100000,2026-09-13T16:15:00.000Z,1.3464,1.3485,1.346,1.3473,127448,
1789317000000,2026-09-13T16:30:00.000Z,1.3473,1.3497,1.3463,1.3496,187804,
1789317900000,2026-09-13T16:45:00.000Z,1.3496,1.351,1.3481,1.3507,940337,
1789318800000,2026-09-13T17:00:00.000Z,1.3507,1.3567,1.3506,1.3539,999594,
1789319700000,2026-09-13T17:15:00.000Z,1.3539,1.3552,1.3532,1.3544,643469,
1789320600000,2026-09-13T17:30:00.000Z,1.3544,1.3544,1.3516,1.3531,301677,
1789321500000,2026-09-13T17:45:00.000Z,1.3531,1.3558,1.3531,1.3549,185060,
1789322400000,2026-09-13T18:00:00.000Z,1.3549,1.3552,1.3533,1.355,194624,
1789323300000,2026-09-13T18:15:00.000Z,1.355,1.3577,1.355,1.3561,410461,
1789324200000,2026-09-13T18:30:00.000Z,1.3561,1.3574,1.3552,1.3563,335210,
1789325100000,2026-09-13T18:45:00.000Z,1.3563,1.3599,1.3563,1.3576,1068791,
1789326000000,2026-09-13T19:00:00.000Z,1.3576,1.3594,1.3541,1.3546,316556,
1789326900000,2026-09-13T19:15:00.000Z,1.3546,1.3548,1.3526,1.3539,405544,
1789327800000,2026-09-13T19:30:00.000Z,1.3539,1.3546,1.3528,1.3536,403216,
1789328700000,2026-09-13T19:45:00.000Z,1.3536,1.3546,1.353,1.3545,207670,
1789329600000,2026-09-13T20:00:00.000Z,1.3545,1.3573,1.3545,1.3565,116605,
1789330500000,2026-09-13T20:15:00.000Z,1.3565,1.3585,1.3562,1.3582,200783,
1789331400000,2026-09-13T20:30:00.000Z,1.3582,1.3596,1.3569,1.3581,325292,
1789332300000,2026-09-13T20:45:00.000Z,1.3581,1.3614,1.3581,1.3603,801396,
1789333200000,2026-09-13T21:00:00.000Z,1.3603,1.3622,1.3594,1.3602,1009392,
1789334100000,2026-09-13T21:15:00.000Z,1.3602,1.3609,1.3576,1.3579,428065,
1789335000000,2026-09-13T21:30:00.000Z,1.3579,1.3584,1.3562,1.3574,704039,
1789335900000,2026-09-13T21:45:00.000Z,1.3574,1.3581,1.3562,1.3566,311499,
1789336800000,2026-09-13T22:00:00.000Z,1.3566,1.3566,1.3385,1.3419,4123514,
1789337700000,2026-09-13T22:15:00.000Z,1.3419,1.3421,1.3331,1.3376,1985627,
1789338600000,2026-09-13T22:30:00.000Z,1.3376,1.3432,1.3352,1.3377,2833865,
1789339500000,2026-09-13T22:45:00.000Z,1.3377,1.3402,1.3352,1.3369,1462275,
1789340400000,2026-09-13T23:00:00.000Z,1.3369,1.3414,1.3366,1.3387,1520333,
1789341300000,2026-09-13T23:15:00.000Z,1.3387,1.3431,1.3371,1.3406,1421951,
1789342200000,2026-09-13T23:30:00.000Z,1.3406,1.344,1.3402,1.3425,2956494,
1789343100000,2026-09-13T23:45:00.000Z,1.3425,1.3432,1.3388,1.3404,746905,
1789344000000,2026-09-14T00:00:00.000Z,1.3404,1.3501,1.3402,1.345,987239,
1789344900000,2026-09-14T00:15:00.000Z,1.345,1.3473,1.3338,1.3373,1032831,
1789345800000,2026-09-14T00:30:00.000Z,1.3373,1.3476,1.3362,1.345,992925,
1789346700000,2026-09-14T00:45:00.000Z,1.345,1.3482,1.3434,1.3464,854778,
1789347600000,2026-09-14T01:00:00.000Z,1.3464,1.3496,1.3436,1.3456,1127995,
1789348500000,2026-09-14T01:15:00.000Z,1.3456,1.3469,1.3403,1.3449,1232692,
1789349400000,2026-09-14T01:30:00.000Z,1.3449,1.3467,1.3374,1.3421,1530954,
1789350300000,2026-09-14T01:45:00.000Z,1.3421,1.3529,1.3409,1.3511,1759378,
1789351200000,2026-09-14T02:00:00.000Z,1.3511,1.3598,1.3492,1.359,2987299,
1789352100000,2026-09-14T02:15:00.000Z,1.359,1.3663,1.3563,1.3619,2828763,
1789353000000,2026-09-14T02:30:00.000Z,1.3619,1.3653,1.3584,1.3602,1685596,
1789353900000,2026-09-14T02:45:00.000Z,1.3602,1.3732,1.3602,1.3694,2921443,
1789354800000,2026-09-14T03:00:00.000Z,1.3694,1.3757,1.3677,1.3748,2846624,
1789355700000,2026-09-14T03:15:00.000Z,1.3748,1.3781,1.3721,1.3766,1913207,
1789356600000,2026-09-14T03:30:00.000Z,1.3766,1.3803,1.3732,1.3738,1940432,
1789357500000,2026-09-14T03:45:00.000Z,1.3738,1.374,1.3691,1.372,932323,
1789358400000,2026-09-14T04:00:00.000Z,1.372,1.3756,1.3705,1.3719,1145354,
1789359300000,2026-09-14T04:15:00.000Z,1.3719,1.3782,1.371,1.3732,2595872,
1789360200000,2026-09-14T04:30:00.000Z,1.3732,1.3765,1.3708,1.3757,1409727,
1789361100000,2026-09-14T04:45:00.000Z,1.3757,1.3798,1.3746,1.3762,1788577,
1789362000000,2026-09-14T05:00:00.000Z,1.3762,1.378,1.3738,1.3775,720464,
1789362900000,2026-09-14T05:15:00.000Z,1.3775,1.3779,1.3744,1.3747,872131,
1789363800000,2026-09-14T05:30:00.000Z,1.3747,1.3808,1.3742,1.3775,1174680,
1789364700000,2026-09-14T05:45:00.000Z,1.3775,1.3802,1.3753,1.3793,1344751,
1789365600000,2026-09-14T06:00:00.000Z,1.3793,1.3877,1.3789,1.384,3615184,
1789366500000,2026-09-14T06:15:00.000Z,1.384,1.3851,1.3804,1.3804,1087107,
1789367400000,2026-09-14T06:30:00.000Z,1.3804,1.385,1.3736,1.3834,4811451,
1789368300000,2026-09-14T06:45:00.000Z,1.3834,1.3878,1.3827,1.3856,2993823,
1789369200000,2026-09-14T07:00:00.000Z,1.3856,1.3899,1.3834,1.3859,2799338,
1789370100000,2026-09-14T07:15:00.000Z,1.3859,1.3891,1.3852,1.3858,1256031,
1789371000000,2026-09-14T07:30:00.000Z,1.3858,1.3895,1.3847,1.3883,1801131,
1789371900000,2026-09-14T07:45:00.000Z,1.3883,1.3899,1.3851,1.3899,2468159,
1789372800000,2026-09-14T08:00:00.000Z,1.3899,1.39,1.3833,1.3862,4323458,
1789373700000,2026-09-14T08:15:00.000Z,1.3862,1.3932,1.3845,1.3861,5011975,
1789374600000,2026-09-14T08:30:00.000Z,1.3861,1.3885,1.3851,1.3852,1251467,
1789375500000,2026-09-14T08:45:00.000Z,1.3852,1.3861,1.3838,1.3847,789327,
1789376400000,2026-09-14T09:00:00.000Z,1.3847,1.3878,1.3838,1.3843,2766199,
1789377300000,2026-09-14T09:15:00.000Z,1.3843,1.3867,1.3806,1.3862,4228842,
1789378200000,2026-09-14T09:30:00.000Z,1.3862,1.3929,1.3862,1.3914,3080240,
1789379100000,2026-09-14T09:45:00.000Z,1.3914,1.4093,1.3908,1.4023,8009605,
1789380000000,2026-09-14T10:00:00.000Z,1.4023,1.408,1.3984,1.4009,3987290,
1789380900000,2026-09-14T10:15:00.000Z,1.4009,1.4013,1.3942,1.395,2669542,
1789381800000,2026-09-14T10:30:00.000Z,1.395,1.3994,1.3941,1.3993,1971577,
1789382700000,2026-09-14T10:45:00.000Z,1.3993,1.4031,1.3957,1.3963,3191500,
1789383600000,2026-09-14T11:00:00.000Z,1.3963,1.3998,1.3938,1.3966,2474917,
1789384500000,2026-09-14T11:15:00.000Z,1.3966,1.4051,1.3966,1.4041,1881321,
1789385400000,2026-09-14T11:30:00.000Z,1.4041,1.4059,1.3989,1.4,3824840,
1789386300000,2026-09-14T11:45:00.000Z,1.4,1.4008,1.3959,1.3981,2051696,
1789387200000,2026-09-14T12:00:00.000Z,1.3981,1.3994,1.396,1.3973,1092674,
1789388100000,2026-09-14T12:15:00.000Z,1.3973,1.3992,1.395,1.3985,2244882,
1789389000000,2026-09-14T12:30:00.000Z,1.3985,1.4039,1.3953,1.4017,3587090,
1789389900000,2026-09-14T12:45:00.000Z,1.4017,1.4032,1.3918,1.3944,3657092,
1789390800000,2026-09-14T13:00:00.000Z,1.3944,1.395,1.3822,1.3896,7469709,
1789391700000,2026-09-14T13:15:00.000Z,1.3896,1.3957,1.3893,1.3933,3827972,
1789392600000,2026-09-14T13:30:00.000Z,1.3933,1.4013,1.3895,1.3947,3838163,
1789393500000,2026-09-14T13:45:00.000Z,1.3947,1.4027,1.393,1.394,2928676,
1789394400000,2026-09-14T14:00:00.000Z,1.394,1.4033,1.3934,1.4007,4568525,
1789395300000,2026-09-14T14:15:00.000Z,1.4007,1.4047,1.3939,1.3999,3684982,
1789396200000,2026-09-14T14:30:00.000Z,1.3999,1.4046,1.3952,1.3972,2917621,
1789397100000,2026-09-14T14:45:00.000Z,1.3972,1.401,1.3963,1.3993,2875203,
1789398000000,2026-09-14T15:00:00.000Z,1.3993,1.3999,1.3916,1.3978,2935336,
1789398900000,2026-09-14T15:15:00.000Z,1.3978,1.4012,1.396,1.3979,1552815,
1789399800000,2026-09-14T15:30:00.000Z,1.3979,1.4066,1.3974,1.4043,5140888,
1789400700000,2026-09-14T15:45:00.000Z,1.4043,1.406,1.3997,1.4027,3326773,
1789401600000,2026-09-14T16:00:00.000Z,1.4027,1.4041,1.401,1.4015,814057,
1789402500000,2026-09-14T16:15:00.000Z,1.4015,1.4191,1.4015,1.4106,6310556,
1789403400000,2026-09-14T16:30:00.000Z,1.4106,1.414,1.4073,1.4095,3199852,
1789404300000,2026-09-14T16:45:00.000Z,1.4095,1.422,1.4094,1.4182,3080701,
1789405200000,2026-09-14T17:00:00.000Z,1.4182,1.4227,1.416,1.4209,1767769,
1789406100000,2026-09-14T17:15:00.000Z,1.4209,1.424,1.4172,1.4235,4190399,
1789407000000,2026-09-14T17:30:00.000Z,1.4235,1.4344,1.4206,1.4328,4681535,
1789407900000,2026-09-14T17:45:00.000Z,1.4328,1.44,1.4294,1.434,6196049,
1789408800000,2026-09-14T18:00:00.000Z,1.434,1.4403,1.4294,1.434,5034224,
1789409700000,2026-09-14T18:15:00.000Z,1.434,1.4537,1.4338,1.4537,6594672,
1789410600000,2026-09-14T18:30:00.000Z,1.4537,1.4684,1.4526,1.465,8317545,
1789411500000,2026-09-14T18:45:00.000Z,1.465,1.4814,1.465,1.4765,9351469,
1789412400000,2026-09-14T19:00:00.000Z,1.4765,1.4773,1.4544,1.4624,8560679,
1789413300000,2026-09-14T19:15:00.000Z,1.4624,1.4714,1.4583,1.4613,5356861,
1789414200000,2026-09-14T19:30:00.000Z,1.4613,1.4613,1.4533,1.4591,4985567,
1789415100000,2026-09-14T19:45:00.000Z,1.4591,1.4645,1.4565,1.4636,2643758,
1789416000000,2026-09-14T20:00:00.000Z,1.4636,1.4828,1.463,1.4768,4304479,
1789416900000,2026-09-14T20:15:00.000Z,1.4768,1.4887,1.4768,1.4865,4566429,
1789417800000,2026-09-14T20:30:00.000Z,1.4865,1.4912,1.4761,1.4768,6779076,
1789418700000,2026-09-14T20:45:00.000Z,1.4768,1.4777,1.4621,1.4628,3090793,
1789419600000,2026-09-14T21:00:00.000Z,1.4628,1.4638,1.4427,1.4498,7950128,
1789420500000,2026-09-14T21:15:00.000Z,1.4498,1.456,1.4455,1.4474,4779001,
1789421400000,2026-09-14T21:30:00.000Z,1.4474,1.4489,1.4403,1.4454,3294759,
1789422300000,2026-09-14T21:45:00.000Z,1.4454,1.4468,1.4419,1.4423,549424,
1789423200000,2026-09-14T22:00:00.000Z,1.4423,1.4519,1.4391,1.4509,3614584,
1789424100000,2026-09-14T22:15:00.000Z,1.4509,1.4517,1.4398,1.4425,2665030,
1789425000000,2026-09-14T22:30:00.000Z,1.4425,1.443,1.4383,1.4406,4685343,
1789425900000,2026-09-14T22:45:00.000Z,1.4406,1.4406,1.4342,1.4348,2075684,
1789426800000,2026-09-14T23:00:00.000Z,1.4348,1.4376,1.4266,1.4289,3802054,
1789427700000,2026-09-14T23:15:00.000Z,1.4289,1.4309,1.4227,1.423,3068969,
1789428600000,2026-09-14T23:30:00.000Z,1.423,1.4252,1.4198,1.4228,1494911,
1789429500000,2026-09-14T23:45:00.000Z,1.4228,1.4236,1.4178,1.4226,1861683,
1789430400000,2026-09-15T00:00:00.000Z,1.4226,1.4267,1.421,1.4219,1223371,
1789431300000,2026-09-15T00:15:00.000Z,1.4219,1.4219,1.415,1.4177,1317832,
1789432200000,2026-09-15T00:30:00.000Z,1.4177,1.4218,1.416,1.4173,1383319,
1789433100000,2026-09-15T00:45:00.000Z,1.4173,1.4204,1.4152,1.419,943072,
1789434000000,2026-09-15T01:00:00.000Z,1.419,1.4193,1.4146,1.4153,882324,
1789434900000,2026-09-15T01:15:00.000Z,1.4153,1.4252,1.4146,1.4181,3006413,
1789435800000,2026-09-15T01:30:00.000Z,1.4181,1.4252,1.4172,1.4245,2130333,
1789436700000,2026-09-15T01:45:00.000Z,1.4245,1.4251,1.4207,1.4216,1980929,
1789437600000,2026-09-15T02:00:00.000Z,1.4216,1.4303,1.4214,1.4281,1340821,
1789438500000,2026-09-15T02:15:00.000Z,1.4281,1.4296,1.4249,1.4275,672551,
1789439400000,2026-09-15T02:30:00.000Z,1.4275,1.4276,1.4235,1.4265,2248540,
1789440300000,2026-09-15T02:45:00.000Z,1.4265,1.4277,1.4221,1.4226,2383594,
1789441200000,2026-09-15T03:00:00.000Z,1.4226,1.4226,1.4116,1.4121,3818074,
1789442100000,2026-09-15T03:15:00.000Z,1.4121,1.4157,1.4105,1.415,1240893,
1789443000000,2026-09-15T03:30:00.000Z,1.415,1.4204,1.4146,1.4175,825780,
1789443900000,2026-09-15T03:45:00.000Z,1.4175,1.4183,1.4136,1.4155,1513767,
1789444800000,2026-09-15T04:00:00.000Z,1.4155,1.4179,1.412,1.4135,3142366,
1789445700000,2026-09-15T04:15:00.000Z,1.4135,1.4162,1.4101,1.4111,1907995,
1789446600000,2026-09-15T04:30:00.000Z,1.4111,1.4149,1.4069,1.4136,2974712,
1789447500000,2026-09-15T04:45:00.000Z,1.4136,1.416,1.4125,1.4132,2013287,
1789448400000,2026-09-15T05:00:00.000Z,1.4132,1.4134,1.4005,1.4039,4133866,
1789449300000,2026-09-15T05:15:00.000Z,1.4039,1.4062,1.3987,1.4048,2694319,
1789450200000,2026-09-15T05:30:00.000Z,1.4048,1.4059,1.402,1.4055,739948,
1789451100000,2026-09-15T05:45:00.000Z,1.4055,1.4092,1.4048,1.4078,973125,
1789452000000,2026-09-15T06:00:00.000Z,1.4078,1.4104,1.4067,1.4067,749954,
1789452900000,2026-09-15T06:15:00.000Z,1.4067,1.4079,1.4019,1.4027,843953,
1789453800000,2026-09-15T06:30:00.000Z,1.4027,1.4053,1.3996,1.4015,1595399,
1789454700000,2026-09-15T06:45:00.000Z,1.4015,1.402,1.3944,1.3989,2763481,
1789455600000,2026-09-15T07:00:00.000Z,1.3989,1.4011,1.3965,1.3993,1515875,
1789456500000,2026-09-15T07:15:00.000Z,1.3993,1.4035,1.3982,1.4017,1036131,
1789457400000,2026-09-15T07:30:00.000Z,1.4017,1.4017,1.3956,1.3979,1297413,
1789458300000,2026-09-15T07:45:00.000Z,1.3979,1.3993,1.391,1.3934,3566858,
1789459200000,2026-09-15T08:00:00.000Z,1.3934,1.3935,1.3866,1.39,2607907,
1789460100000,2026-09-15T08:15:00.000Z,1.39,1.3913,1.3857,1.386,1468215,
1789461000000,2026-09-15T08:30:00.000Z,1.386,1.3935,1.3851,1.39,1663279,
1789461900000,2026-09-15T08:45:00.000Z,1.39,1.3974,1.3899,1.3974,2400013,
1789462800000,2026-09-15T09:00:00.000Z,1.3974,1.3979,1.3951,1.3966,1255151,
1789463700000,2026-09-15T09:15:00.000Z,1.3966,1.4013,1.3958,1.3995,1175698,
1789464600000,2026-09-15T09:30:00.000Z,1.3995,1.4026,1.398,1.4019,1366678,
1789465500000,2026-09-15T09:45:00.000Z,1.4019,1.4064,1.4005,1.4017,2291106,
1789466400000,2026-09-15T10:00:00.000Z,1.4017,1.4041,1.3983,1.4016,1551646,
1789467300000,2026-09-15T10:15:00.000Z,1.4016,1.4026,1.3974,1.398,1013490,
1789468200000,2026-09-15T10:30:00.000Z,1.398,1.4012,1.3967,1.4003,1759305,
1789469100000,2026-09-15T10:45:00.000Z,1.4003,1.4039,1.4003,1.4018,1253541,
1789470000000,2026-09-15T11:00:00.000Z,1.4018,1.4031,1.3995,1.3998,775479,
1789470900000,2026-09-15T11:15:00.000Z,1.3998,1.4011,1.3969,1.3981,971375,
1789471800000,2026-09-15T11:30:00.000Z,1.3981,1.3982,1.3925,1.3954,2703246,
1789472700000,2026-09-15T11:45:00.000Z,1.3954,1.4018,1.394,1.4002,816964,
1789473600000,2026-09-15T12:00:00.000Z,1.4002,1.4058,1.3988,1.4052,1791409,
1789474500000,2026-09-15T12:15:00.000Z,1.4052,1.4087,1.4009,1.4067,2300134,
1789475400000,2026-09-15T12:30:00.000Z,1.4067,1.4069,1.4018,1.4053,3665890,
1789476300000,2026-09-15T12:45:00.000Z,1.4053,1.4217,1.4043,1.4162,6053502,
1789477200000,2026-09-15T13:00:00.000Z,1.4162,1.4593,1.4161,1.4278,17269551,
1789478100000,2026-09-15T13:15:00.000Z,1.4278,1.4354,1.423,1.4331,4865304,
1789479000000,2026-09-15T13:30:00.000Z,1.4331,1.4343,1.394,1.4093,13614546,
1789479900000,2026-09-15T13:45:00.000Z,1.4093,1.4151,1.3989,1.4144,6456115,
1789480800000,2026-09-15T14:00:00.000Z,1.4144,1.4164,1.4042,1.4095,4945541,
1789481700000,2026-09-15T14:15:00.000Z,1.4095,1.4115,1.4,1.4001,2342895,
1789482600000,2026-09-15T14:30:00.000Z,1.4001,1.4024,1.3813,1.3863,7772975,
1789483500000,2026-09-15T14:45:00.000Z,1.3863,1.3877,1.3708,1.3842,7494780,
1789484400000,2026-09-15T15:00:00.000Z,1.3842,1.3906,1.3791,1.3858,3919305,
1789485300000,2026-09-15T15:15:00.000Z,1.3858,1.3972,1.3844,1.3924,3237790,
1789486200000,2026-09-15T15:30:00.000Z,1.3924,1.395,1.388,1.3912,2688313,
1789487100000,2026-09-15T15:45:00.000Z,1.3912,1.3929,1.3859,1.3888,2238555,
1789488000000,2026-09-15T16:00:00.000Z,1.3888,1.391,1.3808,1.3813,1741140,
1789488900000,2026-09-15T16:15:00.000Z,1.3813,1.3925,1.3813,1.3914,1146270,
1789489800000,2026-09-15T16:30:00.000Z,1.3914,1.3921,1.3823,1.3839,1324819,
1789490700000,2026-09-15T16:45:00.000Z,1.3839,1.3913,1.3834,1.3868,1593515,
1789491600000,2026-09-15T17:00:00.000Z,1.3868,1.3868,1.3788,1.3834,2259473,
1789492500000,2026-09-15T17:15:00.000Z,1.3834,1.3891,1.3824,1.3889,827019,
1789493400000,2026-09-15T17:30:00.000Z,1.3889,1.4125,1.3882,1.4005,7155671,
1789494300000,2026-09-15T17:45:00.000Z,1.4005,1.4122,1.4005,1.4047,3495185,
1789495200000,2026-09-15T18:00:00.000Z,1.4047,1.4068,1.3925,1.3978,5814155,
1789496100000,2026-09-15T18:15:00.000Z,1.3978,1.4047,1.3811,1.3966,8807598,
1789497000000,2026-09-15T18:30:00.000Z,1.3966,1.3972,1.3151,1.3227,37636097,
1789497900000,2026-09-15T18:45:00.000Z,1.3227,1.3416,1.2874,1.3245,31305017,
1789498800000,2026-09-15T19:00:00.000Z,1.3245,1.3292,1.3032,1.3075,10078879,
1789499700000,2026-09-15T19:15:00.000Z,1.3075,1.319,1.2942,1.2972,8335074,
1789500600000,2026-09-15T19:30:00.000Z,1.2972,1.3057,1.2936,1.295,5361838,
1789501500000,2026-09-15T19:45:00.000Z,1.295,1.3049,1.294,1.295,4119378,
1789502400000,2026-09-15T20:00:00.000Z,1.295,1.3019,1.2819,1.2853,6131675,
1789503300000,2026-09-15T20:15:00.000Z,1.2853,1.289,1.2633,1.2646,9355702,
1789504200000,2026-09-15T20:30:00.000Z,1.2646,1.2837,1.2644,1.2788,5516386,
1789505100000,2026-09-15T20:45:00.000Z,1.2788,1.2945,1.2788,1.2929,4529188,
1789506000000,2026-09-15T21:00:00.000Z,1.2929,1.297,1.2875,1.2927,2453301,
1789506900000,2026-09-15T21:15:00.000Z,1.2927,1.2957,1.2818,1.2839,2742282,
1789507800000,2026-09-15T21:30:00.000Z,1.2839,1.2865,1.2774,1.2853,2727700,
1789508700000,2026-09-15T21:45:00.000Z,1.2853,1.2861,1.2756,1.2773,1272431,
1789509600000,2026-09-15T22:00:00.000Z,1.2773,1.2859,1.2749,1.2801,2565752,
1789510500000,2026-09-15T22:15:00.000Z,1.2801,1.2839,1.2756,1.2806,1903166,
1789511400000,2026-09-15T22:30:00.000Z,1.2806,1.2851,1.2799,1.2835,1231674,
1789512300000,2026-09-15T22:45:00.000Z,1.2835,1.2904,1.283,1.2883,1438782,
1789513200000,2026-09-15T23:00:00.000Z,1.2883,1.2972,1.288,1.2971,1363840,
1789514100000,2026-09-15T23:15:00.000Z,1.2971,1.2973,1.2919,1.2925,1522473,
1789515000000,2026-09-15T23:30:00.000Z,1.2925,1.2925,1.2823,1.2877,2212591,
1789515900000,2026-09-15T23:45:00.000Z,1.2877,1.2883,1.2816,1.2826,954885,
1789516800000,2026-09-16T00:00:00.000Z,1.2826,1.2854,1.2797,1.2821,1478957,
1789517700000,2026-09-16T00:15:00.000Z,1.2821,1.2883,1.2809,1.2877,1163743,
1789518600000,2026-09-16T00:30:00.000Z,1.2877,1.2893,1.2858,1.2872,257010,
1789519500000,2026-09-16T00:45:00.000Z,1.2872,1.29,1.2831,1.286,2787514,
1789520400000,2026-09-16T01:00:00.000Z,1.286,1.2888,1.2843,1.2874,2150053,
1789521300000,2026-09-16T01:15:00.000Z,1.2874,1.2897,1.286,1.2868,1408885,
1789522200000,2026-09-16T01:30:00.000Z,1.2868,1.2869,1.2755,1.2782,3135503,
1789523100000,2026-09-16T01:45:00.000Z,1.2782,1.2796,1.2738,1.2749,2108894,
1789524000000,2026-09-16T02:00:00.000Z,1.2749,1.2841,1.2746,1.281,2407717,
1789524900000,2026-09-16T02:15:00.000Z,1.281,1.2908,1.2807,1.2906,1556542,
1789525800000,2026-09-16T02:30:00.000Z,1.2906,1.2992,1.2902,1.2936,3381511,
1789526700000,2026-09-16T02:45:00.000Z,1.2936,1.2949,1.2857,1.2886,992622,
1789527600000,2026-09-16T03:00:00.000Z,1.2886,1.2951,1.288,1.2949,1304748,
1789528500000,2026-09-16T03:15:00.000Z,1.2949,1.2995,1.2922,1.2932,1439649,
1789529400000,2026-09-16T03:30:00.000Z,1.2932,1.2975,1.2919,1.2956,1586204,
1789530300000,2026-09-16T03:45:00.000Z,1.2956,1.2975,1.2945,1.2965,441589,
1789531200000,2026-09-16T04:00:00.000Z,1.2965,1.3052,1.2953,1.3031,1824698,
1789532100000,2026-09-16T04:15:00.000Z,1.3031,1.312,1.3004,1.3053,2520989,
1789533000000,2026-09-16T04:30:00.000Z,1.3053,1.3096,1.3031,1.3041,1291860,
1789533900000,2026-09-16T04:45:00.000Z,1.3041,1.3063,1.298,1.3003,1544197,
1789534800000,2026-09-16T05:00:00.000Z,1.3003,1.301,1.2934,1.2959,1559403,
1789535700000,2026-09-16T05:15:00.000Z,1.2959,1.3002,1.2952,1.2985,708159,
1789536600000,2026-09-16T05:30:00.000Z,1.2985,1.2991,1.2957,1.2973,636560,
1789537500000,2026-09-16T05:45:00.000Z,1.2973,1.2975,1.2917,1.2959,1676694,
1789538400000,2026-09-16T06:00:00.000Z,1.2959,1.2989,1.2936,1.2955,1038975,
1789539300000,2026-09-16T06:15:00.000Z,1.2955,1.2981,1.2944,1.2949,480299,
1789540200000,2026-09-16T06:30:00.000Z,1.2949,1.295,1.2877,1.2933,2105438,
1789541100000,2026-09-16T06:45:00.000Z,1.2933,1.2975,1.2929,1.2972,705419,
1789542000000,2026-09-16T07:00:00.000Z,1.2972,1.3013,1.2909,1.2941,2853267,
1789542900000,2026-09-16T07:15:00.000Z,1.2941,1.2957,1.2897,1.2902,2053927,
1789543800000,2026-09-16T07:30:00.000Z,1.2902,1.291,1.2873,1.2877,674289,
1789544700000,2026-09-16T07:45:00.000Z,1.2877,1.2894,1.2837,1.2846,2672868,
1789545600000,2026-09-16T08:00:00.000Z,1.2846,1.2848,1.2787,1.282,2692954,
1789546500000,2026-09-16T08:15:00.000Z,1.282,1.2845,1.2761,1.2772,3144599,
1789547400000,2026-09-16T08:30:00.000Z,1.2772,1.2818,1.2766,1.2804,1351047,
1789548300000,2026-09-16T08:45:00.000Z,1.2804,1.2845,1.2794,1.2845,824452,
1789549200000,2026-09-16T09:00:00.000Z,1.2845,1.2887,1.2838,1.284,1610346,
1789550100000,2026-09-16T09:15:00.000Z,1.284,1.2888,1.2821,1.2857,1508619,
1789551000000,2026-09-16T09:30:00.000Z,1.2857,1.2895,1.2857,1.2885,702937,
1789551900000,2026-09-16T09:45:00.000Z,1.2885,1.292,1.287,1.291,804850,
1789552800000,2026-09-16T10:00:00.000Z,1.291,1.2921,1.2849,1.2856,2187749,
1789553700000,2026-09-16T10:15:00.000Z,1.2856,1.2895,1.2851,1.2884,1046805,
1789554600000,2026-09-16T10:30:00.000Z,1.2884,1.2912,1.2878,1.2904,506145,
1789555500000,2026-09-16T10:45:00.000Z,1.2904,1.2906,1.2869,1.2888,921826,
1789556400000,2026-09-16T11:00:00.000Z,1.2888,1.2911,1.2859,1.2863,578482,
1789557300000,2026-09-16T11:15:00.000Z,1.2863,1.2897,1.2855,1.2887,903961,
1789558200000,2026-09-16T11:30:00.000Z,1.2887,1.2953,1.2881,1.2946,1757078,
1789559100000,2026-09-16T11:45:00.000Z,1.2946,1.2978,1.2925,1.2951,2286444,
1789560000000,2026-09-16T12:00:00.000Z,1.2951,1.2961,1.2871,1.2878,2595288,
1789560900000,2026-09-16T12:15:00.000Z,1.2878,1.2906,1.2806,1.2827,2327372,
1789561800000,2026-09-16T12:30:00.000Z,1.2827,1.2841,1.2783,1.2812,1809771,
1789562700000,2026-09-16T12:45:00.000Z,1.2812,1.2847,1.2797,1.2824,1253539,
1789563600000,2026-09-16T13:00:00.000Z,1.2824,1.2826,1.2695,1.2759,3873670,
1789564500000,2026-09-16T13:15:00.000Z,1.2759,1.2796,1.2734,1.2766,3191136,
1789565400000,2026-09-16T13:30:00.000Z,1.2766,1.2795,1.2715,1.2771,2286340,
1789566300000,2026-09-16T13:45:00.000Z,1.2771,1.2822,1.2735,1.2745,1619415,
1789567200000,2026-09-16T14:00:00.000Z,1.2745,1.2749,1.2673,1.2705,2904493,
1789568100000,2026-09-16T14:15:00.000Z,1.2705,1.2754,1.2695,1.2753,1652590,
1789569000000,2026-09-16T14:30:00.000Z,1.2753,1.2753,1.2658,1.2707,2755828,
1789569900000,2026-09-16T14:45:00.000Z,1.2707,1.2712,1.2621,1.2661,4183451,
1789570800000,2026-09-16T15:00:00.000Z,1.2661,1.2714,1.2647,1.2705,2028446,
1789571700000,2026-09-16T15:15:00.000Z,1.2705,1.2717,1.2655,1.2658,2030481,
1789572600000,2026-09-16T15:30:00.000Z,1.2658,1.2701,1.2603,1.2674,2187183,
1789573500000,2026-09-16T15:45:00.000Z,1.2674,1.274,1.2635,1.2656,2416583,
1789574400000,2026-09-16T16:00:00.000Z,1.2656,1.2685,1.2617,1.2679,1673281,
1789575300000,2026-09-16T16:15:00.000Z,1.2679,1.2695,1.2646,1.2669,1176724,
1789576200000,2026-09-16T16:30:00.000Z,1.2669,1.2687,1.2633,1.2634,634887,
1789577100000,2026-09-16T16:45:00.000Z,1.2634,1.2696,1.2626,1.2681,717402,
1789578000000,2026-09-16T17:00:00.000Z,1.2681,1.2695,1.2635,1.2655,1936453,
1789578900000,2026-09-16T17:15:00.000Z,1.2655,1.267,1.2581,1.263,3062009,
1789579800000,2026-09-16T17:30:00.000Z,1.263,1.2649,1.2522,1.2546,5861360,
1789580700000,2026-09-16T17:45:00.000Z,1.2546,1.2679,1.2503,1.2609,7568200,
1789581600000,2026-09-16T18:00:00.000Z,1.2609,1.2946,1.2461,1.2742,23579730,
1789582500000,2026-09-16T18:15:00.000Z,1.2742,1.287,1.2728,1.2843,5892600,
1789583400000,2026-09-16T18:30:00.000Z,1.2843,1.2974,1.2578,1.2894,10993126,
1789584300000,2026-09-16T18:45:00.000Z,1.2894,1.2912,1.2749,1.2779,4580315,
1789585200000,2026-09-16T19:00:00.000Z,1.2779,1.2967,1.2775,1.2894,6559524,
1789586100000,2026-09-16T19:15:00.000Z,1.2894,1.2923,1.2741,1.2831,5834604,
1789587000000,2026-09-16T19:30:00.000Z,1.2831,1.2983,1.282,1.2966,5102436,
1789587900000,2026-09-16T19:45:00.000Z,1.2966,1.3046,1.2958,1.3003,4120439,
1789588800000,2026-09-16T20:00:00.000Z,1.3003,1.3179,1.2983,1.3066,4561544,
1789589700000,2026-09-16T20:15:00.000Z,1.3066,1.3147,1.3037,1.3081,3880048,
1789590600000,2026-09-16T20:30:00.000Z,1.3081,1.3089,1.2962,1.3003,2466296,
1789591500000,2026-09-16T20:45:00.000Z,1.3003,1.3055,1.2995,1.3021,2525087,
1789592400000,2026-09-16T21:00:00.000Z,1.3021,1.3025,1.2943,1.2952,2139768,
1789593300000,2026-09-16T21:15:00.000Z,1.2952,1.2959,1.2921,1.2937,757469,
1789594200000,2026-09-16T21:30:00.000Z,1.2937,1.2942,1.2868,1.2878,929053,
1789595100000,2026-09-16T21:45:00.000Z,1.2878,1.2949,1.2868,1.292,1694595,
1789596000000,2026-09-16T22:00:00.000Z,1.292,1.2931,1.2795,1.2882,3371265,
1789596900000,2026-09-16T22:15:00.000Z,1.2882,1.2896,1.2806,1.2825,1974696,
1789597800000,2026-09-16T22:30:00.000Z,1.2825,1.2877,1.2808,1.2876,1478971,
1789598700000,2026-09-16T22:45:00.000Z,1.2876,1.2888,1.2841,1.2858,539103,
1789599600000,2026-09-16T23:00:00.000Z,1.2858,1.2882,1.2842,1.2872,263024,
1789600500000,2026-09-16T23:15:00.000Z,1.2872,1.2987,1.2872,1.2973,2928089,
1789601400000,2026-09-16T23:30:00.000Z,1.2973,1.3026,1.2947,1.3007,4279507,
1789602300000,2026-09-16T23:45:00.000Z,1.3007,1.3023,1.2973,1.299,2550127,
1789603200000,2026-09-17T00:00:00.000Z,1.299,1.3019,1.2958,1.2991,1042817,
1789604100000,2026-09-17T00:15:00.000Z,1.2991,1.3027,1.296,1.2962,915597,
1789605000000,2026-09-17T00:30:00.000Z,1.2962,1.3007,1.2951,1.2975,2402393,
1789605900000,2026-09-17T00:45:00.000Z,1.2975,1.298,1.2941,1.2943,435417,
1789606800000,2026-09-17T01:00:00.000Z,1.2943,1.2954,1.2904,1.2942,833972,
1789607700000,2026-09-17T01:15:00.000Z,1.2942,1.3049,1.2923,1.3038,2924767,
1789608600000,2026-09-17T01:30:00.000Z,1.3038,1.3099,1.2994,1.3037,3395375,
1789609500000,2026-09-17T01:45:00.000Z,1.3037,1.3043,1.2994,1.2996,1838385,
1789610400000,2026-09-17T02:00:00.000Z,1.2996,1.3015,1.2933,1.2967,1706155,
1789611300000,2026-09-17T02:15:00.000Z,1.2967,1.3002,1.2924,1.2974,1316426,
1789612200000,2026-09-17T02:30:00.000Z,1.2974,1.305,1.2959,1.303,2576208,
1789613100000,2026-09-17T02:45:00.000Z,1.303,1.3034,1.2987,1.2993,1158374,
1789614000000,2026-09-17T03:00:00.000Z,1.2993,1.3041,1.2989,1.3012,456986,
1789614900000,2026-09-17T03:15:00.000Z,1.3012,1.3038,1.3007,1.3037,187940,
1789615800000,2026-09-17T03:30:00.000Z,1.3037,1.307,1.3018,1.3023,2335515,
1789616700000,2026-09-17T03:45:00.000Z,1.3023,1.3038,1.3001,1.3024,2250938,
1789617600000,2026-09-17T04:00:00.000Z,1.3024,1.3029,1.2978,1.2986,1074162,
1789618500000,2026-09-17T04:15:00.000Z,1.2986,1.2987,1.2934,1.2938,872197,
1789619400000,2026-09-17T04:30:00.000Z,1.2938,1.2988,1.2927,1.2965,828132,
1789620300000,2026-09-17T04:45:00.000Z,1.2965,1.3002,1.2958,1.2995,828798,
1789621200000,2026-09-17T05:00:00.000Z,1.2995,1.3018,1.2955,1.2963,565879,
1789622100000,2026-09-17T05:15:00.000Z,1.2963,1.3007,1.2949,1.2978,970885,
1789623000000,2026-09-17T05:30:00.000Z,1.2978,1.2982,1.2941,1.2949,966288,
1789623900000,2026-09-17T05:45:00.000Z,1.2949,1.2973,1.2936,1.2952,575314,
1789624800000,2026-09-17T06:00:00.000Z,1.2952,1.2982,1.2944,1.2962,578475,
1789625700000,2026-09-17T06:15:00.000Z,1.2962,1.2966,1.2934,1.2966,468799,
1789626600000,2026-09-17T06:30:00.000Z,1.2966,1.3021,1.2966,1.3013,882607,
1789627500000,2026-09-17T06:45:00.000Z,1.3013,1.3031,1.2999,1.3006,673534,
1789628400000,2026-09-17T07:00:00.000Z,1.3006,1.3061,1.3,1.3031,1343732,
1789629300000,2026-09-17T07:15:00.000Z,1.3031,1.3052,1.3011,1.3032,1850075,
1789630200000,2026-09-17T07:30:00.000Z,1.3032,1.3045,1.3003,1.3004,1069735,
1789631100000,2026-09-17T07:45:00.000Z,1.3004,1.3025,1.2996,1.3015,707561,
1789632000000,2026-09-17T08:00:00.000Z,1.3015,1.3029,1.2979,1.2984,619539,
1789632900000,2026-09-17T08:15:00.000Z,1.2984,1.302,1.298,1.2992,1032658,
1789633800000,2026-09-17T08:30:00.000Z,1.2992,1.3032,1.2986,1.3026,944580,
1789634700000,2026-09-17T08:45:00.000Z,1.3026,1.3037,1.3014,1.3033,442401,
1789635600000,2026-09-17T09:00:00.000Z,1.3033,1.307,1.3032,1.3056,658783,
1789636500000,2026-09-17T09:15:00.000Z,1.3056,1.3086,1.3053,1.3057,1413798,
1789637400000,2026-09-17T09:30:00.000Z,1.3057,1.3066,1.3029,1.303,1394386,
1789638300000,2026-09-17T09:45:00.000Z,1.303,1.3053,1.2983,1.299,2267936,
1789639200000,2026-09-17T10:00:00.000Z,1.299,1.2997,1.2914,1.2941,1902493,
1789640100000,2026-09-17T10:15:00.000Z,1.2941,1.2957,1.2928,1.294,732284,
1789641000000,2026-09-17T10:30:00.000Z,1.294,1.2959,1.2932,1.2933,931956,
1789641900000,2026-09-17T10:45:00.000Z,1.2933,1.2954,1.2915,1.2952,619680,
1789642800000,2026-09-17T11:00:00.000Z,1.2952,1.2979,1.2949,1.2979,497100,
1789643700000,2026-09-17T11:15:00.000Z,1.2979,1.2982,1.2953,1.2965,532648,
1789644600000,2026-09-17T11:30:00.000Z,1.2965,1.2965,1.2911,1.2913,879784,
1789645500000,2026-09-17T11:45:00.000Z,1.2913,1.2995,1.2913,1.299,695063,
1789646400000,2026-09-17T12:00:00.000Z,1.299,1.3074,1.298,1.307,1807853,
1789647300000,2026-09-17T12:15:00.000Z,1.307,1.3124,1.3058,1.3116,2859435,
1789648200000,2026-09-17T12:30:00.000Z,1.3116,1.3146,1.3065,1.3065,2801153,
1789649100000,2026-09-17T12:45:00.000Z,1.3065,1.3075,1.3035,1.3043,1547015,
1789650000000,2026-09-17T13:00:00.000Z,1.3043,1.3086,1.3006,1.3023,1657844,
1789650900000,2026-09-17T13:15:00.000Z,1.3023,1.3044,1.3004,1.3014,1265582,
1789651800000,2026-09-17T13:30:00.000Z,1.3014,1.302,1.2886,1.2939,4275371,
1789652700000,2026-09-17T13:45:00.000Z,1.2939,1.3032,1.2906,1.303,2073627,
1789653600000,2026-09-17T14:00:00.000Z,1.303,1.3096,1.2958,1.3094,3162323,
1789654500000,2026-09-17T14:15:00.000Z,1.3094,1.3197,1.3041,1.3153,4446448,
1789655400000,2026-09-17T14:30:00.000Z,1.3153,1.3171,1.3059,1.3064,1978903,
1789656300000,2026-09-17T14:45:00.000Z,1.3064,1.3091,1.2996,1.2996,1732299,
1789657200000,2026-09-17T15:00:00.000Z,1.2996,1.3008,1.2942,1.2956,2987015,
1789658100000,2026-09-17T15:15:00.000Z,1.2956,1.3004,1.2938,1.3001,1485932,
1789659000000,2026-09-17T15:30:00.000Z,1.3001,1.3098,1.2994,1.3068,1587870,
1789659900000,2026-09-17T15:45:00.000Z,1.3068,1.3092,1.304,1.3072,767090,
1789660800000,2026-09-17T16:00:00.000Z,1.3072,1.3084,1.3043,1.3067,690259,
1789661700000,2026-09-17T16:15:00.000Z,1.3067,1.3071,1.3026,1.304,700286,
1789662600000,2026-09-17T16:30:00.000Z,1.304,1.3047,1.2967,1.3016,2696110,
1789663500000,2026-09-17T16:45:00.000Z,1.3016,1.3039,1.2983,1.3039,868194,
1789664400000,2026-09-17T17:00:00.000Z,1.3039,1.3084,1.3028,1.3038,1226829,
1789665300000,2026-09-17T17:15:00.000Z,1.3038,1.3075,1.3017,1.3058,315824,
1789666200000,2026-09-17T17:30:00.000Z,1.3058,1.3061,1.3015,1.3015,682727,
1789667100000,2026-09-17T17:45:00.000Z,1.3015,1.3018,1.2992,1.3,458418,
1789668000000,2026-09-17T18:00:00.000Z,1.3,1.3002,1.2983,1.299,219050,
1789668900000,2026-09-17T18:15:00.000Z,1.299,1.3,1.2977,1.2988,346437,
1789669800000,2026-09-17T18:30:00.000Z,1.2988,1.3,1.2931,1.2964,1426768,
1789670700000,2026-09-17T18:45:00.000Z,1.2964,1.2982,1.2945,1.2949,866501,
1789671600000,2026-09-17T19:00:00.000Z,1.2949,1.295,1.2924,1.2931,478410,
1789672500000,2026-09-17T19:15:00.000Z,1.2931,1.2951,1.2917,1.2951,586089,
1789673400000,2026-09-17T19:30:00.000Z,1.2951,1.2963,1.2935,1.2944,622324,
1789674300000,2026-09-17T19:45:00.000Z,1.2944,1.2984,1.2928,1.2949,1472946,
1789675200000,2026-09-17T20:00:00.000Z,1.2949,1.2983,1.2938,1.2983,930731,
1789676100000,2026-09-17T20:15:00.000Z,1.2983,1.3001,1.2968,1.2997,710731,
1789677000000,2026-09-17T20:30:00.000Z,1.2997,1.2998,1.2948,1.2956,578424,
1789677900000,2026-09-17T20:45:00.000Z,1.2956,1.2981,1.2951,1.298,285795,
1789678800000,2026-09-17T21:00:00.000Z,1.298,1.3,1.2952,1.2953,484255,
1789679700000,2026-09-17T21:15:00.000Z,1.2953,1.2959,1.294,1.2955,255480,
1789680600000,2026-09-17T21:30:00.000Z,1.2955,1.2967,1.2945,1.2948,529387,
1789681500000,2026-09-17T21:45:00.000Z,1.2948,1.2949,1.291,1.2913,751340,
1789682400000,2026-09-17T22:00:00.000Z,1.2913,1.2945,1.2885,1.2921,1993373,
1789683300000,2026-09-17T22:15:00.000Z,1.2921,1.2929,1.2863,1.2886,1293866,
1789684200000,2026-09-17T22:30:00.000Z,1.2886,1.2946,1.2876,1.2936,820369,
1789685100000,2026-09-17T22:45:00.000Z,1.2936,1.2956,1.2921,1.2953,1372145,
1789686000000,2026-09-17T23:00:00.000Z,1.2953,1.2969,1.2935,1.2963,735418,
1789686900000,2026-09-17T23:15:00.000Z,1.2963,1.2975,1.2953,1.2975,390374,
1789687800000,2026-09-17T23:30:00.000Z,1.2975,1.298,1.2927,1.2963,940212,
1789688700000,2026-09-17T23:45:00.000Z,1.2963,1.2979,1.2952,1.2956,768610,
1789689600000,2026-09-18T00:00:00.000Z,1.2956,1.2965,1.294,1.295,695535,
1789690500000,2026-09-18T00:15:00.000Z,1.295,1.2953,1.291,1.2926,640592,
1789691400000,2026-09-18T00:30:00.000Z,1.2926,1.2952,1.2911,1.2939,662638,
1789692300000,2026-09-18T00:45:00.000Z,1.2939,1.3009,1.2933,1.2998,1710695,
1789693200000,2026-09-18T01:00:00.000Z,1.2998,1.3027,1.2983,1.3009,1192315,
1789694100000,2026-09-18T01:15:00.000Z,1.3009,1.3033,1.2991,1.3004,1555260,
1789695000000,2026-09-18T01:30:00.000Z,1.3004,1.3033,1.2997,1.3024,326755,
1789695900000,2026-09-18T01:45:00.000Z,1.3024,1.3064,1.3024,1.3045,1300783,
1789696800000,2026-09-18T02:00:00.000Z,1.3045,1.3077,1.2998,1.3042,1485919,
1789697700000,2026-09-18T02:15:00.000Z,1.3042,1.3073,1.3033,1.3066,832074,
1789698600000,2026-09-18T02:30:00.000Z,1.3066,1.3106,1.3054,1.3059,1836215,
1789699500000,2026-09-18T02:45:00.000Z,1.3059,1.3075,1.3054,1.3054,593800,
1789700400000,2026-09-18T03:00:00.000Z,1.3054,1.3159,1.3045,1.3155,1862485,
1789701300000,2026-09-18T03:15:00.000Z,1.3155,1.3237,1.3147,1.3208,4996165,
1789702200000,2026-09-18T03:30:00.000Z,1.3208,1.3233,1.3164,1.3198,1893875,
1789703100000,2026-09-18T03:45:00.000Z,1.3198,1.3288,1.3198,1.3262,2329996,
1789704000000,2026-09-18T04:00:00.000Z,1.3262,1.327,1.3173,1.3187,1804636,
1789704900000,2026-09-18T04:15:00.000Z,1.3187,1.3227,1.317,1.3172,1282965,
1789705800000,2026-09-18T04:30:00.000Z,1.3172,1.32,1.3133,1.32,1756614,
1789706700000,2026-09-18T04:45:00.000Z,1.32,1.3252,1.3197,1.3252,2244785,
1789707600000,2026-09-18T05:00:00.000Z,1.3252,1.3265,1.3203,1.3223,2124944,
1789708500000,2026-09-18T05:15:00.000Z,1.3223,1.3245,1.3177,1.3209,1635111,
1789709400000,2026-09-18T05:30:00.000Z,1.3209,1.3237,1.3191,1.3195,989765,
1789710300000,2026-09-18T05:45:00.000Z,1.3195,1.3195,1.3163,1.3177,790990,
1789711200000,2026-09-18T06:00:00.000Z,1.3177,1.3229,1.3177,1.3193,1006968,
1789712100000,2026-09-18T06:15:00.000Z,1.3193,1.3234,1.3189,1.3205,1153552,
1789713000000,2026-09-18T06:30:00.000Z,1.3205,1.3243,1.3204,1.323,841072,
1789713900000,2026-09-18T06:45:00.000Z,1.323,1.3243,1.3182,1.322,1014763,
1789714800000,2026-09-18T07:00:00.000Z,1.322,1.3302,1.3207,1.3257,1952432,
1789715700000,2026-09-18T07:15:00.000Z,1.3257,1.3307,1.3239,1.3287,1659336,
1789716600000,2026-09-18T07:30:00.000Z,1.3287,1.33,1.3244,1.3268,1320677,
1789717500000,2026-09-18T07:45:00.000Z,1.3268,1.3297,1.3248,1.3284,1142121,
1789718400000,2026-09-18T08:00:00.000Z,1.3284,1.3325,1.3224,1.3253,2875792,
1789719300000,2026-09-18T08:15:00.000Z,1.3253,1.3361,1.325,1.3327,2936171,
1789720200000,2026-09-18T08:30:00.000Z,1.3327,1.3355,1.3308,1.3309,1185265,
1789721100000,2026-09-18T08:45:00.000Z,1.3309,1.3375,1.3299,1.3366,2083326,
1789722000000,2026-09-18T09:00:00.000Z,1.3366,1.3399,1.3348,1.3368,2007340,
1789722900000,2026-09-18T09:15:00.000Z,1.3368,1.3394,1.3311,1.3317,1558638,
1789723800000,2026-09-18T09:30:00.000Z,1.3317,1.3329,1.3302,1.3326,949352,
1789724700000,2026-09-18T09:45:00.000Z,1.3326,1.3352,1.3319,1.3347,1199184,
1789725600000,2026-09-18T10:00:00.000Z,1.3347,1.3363,1.3308,1.3336,1291582,
1789726500000,2026-09-18T10:15:00.000Z,1.3336,1.3375,1.3336,1.3369,1141187,
1789727400000,2026-09-18T10:30:00.000Z,1.3369,1.338,1.3348,1.3357,609069,
1789728300000,2026-09-18T10:45:00.000Z,1.3357,1.3374,1.3307,1.3314,1319710,
1789729200000,2026-09-18T11:00:00.000Z,1.3314,1.3326,1.3141,1.3208,5396714,
1789730100000,2026-09-18T11:15:00.000Z,1.3208,1.3224,1.3179,1.3189,1181076,
1789731000000,2026-09-18T11:30:00.000Z,1.3189,1.3258,1.3184,1.321,1160629,
1789731900000,2026-09-18T11:45:00.000Z,1.321,1.3258,1.321,1.3233,878394,
1789732800000,2026-09-18T12:00:00.000Z,1.3233,1.326,1.319,1.3204,1227819,
1789733700000,2026-09-18T12:15:00.000Z,1.3204,1.3241,1.3198,1.3228,802363,
1789734600000,2026-09-18T12:30:00.000Z,1.3228,1.3277,1.3213,1.3245,1263277,
1789735500000,2026-09-18T12:45:00.000Z,1.3245,1.3275,1.3229,1.3235,850280,
1789736400000,2026-09-18T13:00:00.000Z,1.3235,1.3235,1.319,1.3216,616256,
1789737300000,2026-09-18T13:15:00.000Z,1.3216,1.3265,1.3211,1.3264,1186082,
1789738200000,2026-09-18T13:30:00.000Z,1.3264,1.3473,1.3247,1.3464,5333619,
1789739100000,2026-09-18T13:45:00.000Z,1.3464,1.3743,1.3442,1.361,12905821,
1789740000000,2026-09-18T14:00:00.000Z,1.361,1.372,1.3607,1.365,3661301,
1789740900000,2026-09-18T14:15:00.000Z,1.365,1.3814,1.365,1.3714,5353166,
1789741800000,2026-09-18T14:30:00.000Z,1.3714,1.3863,1.3663,1.3834,3634187,
1789742700000,2026-09-18T14:45:00.000Z,1.3834,1.403,1.3815,1.4,6840186,
1789743600000,2026-09-18T15:00:00.000Z,1.4,1.4017,1.3786,1.3872,5311134,
1789744500000,2026-09-18T15:15:00.000Z,1.3872,1.396,1.3845,1.3864,2133906,
1789745400000,2026-09-18T15:30:00.000Z,1.3864,1.3869,1.3713,1.3719,3472765,
1789746300000,2026-09-18T15:45:00.000Z,1.3719,1.3868,1.3702,1.3847,2923085,
1789747200000,2026-09-18T16:00:00.000Z,1.3847,1.3864,1.3804,1.3817,1838156,
1789748100000,2026-09-18T16:15:00.000Z,1.3817,1.3881,1.3807,1.384,2130033,
1789749000000,2026-09-18T16:30:00.000Z,1.384,1.3937,1.3823,1.3841,2240375,
1789749900000,2026-09-18T16:45:00.000Z,1.3841,1.3841,1.3768,1.3799,1576449,
1789750800000,2026-09-18T17:00:00.000Z,1.3799,1.3828,1.3735,1.3821,1817719,
1789751700000,2026-09-18T17:15:00.000Z,1.3821,1.3862,1.3786,1.3849,1403683,
1789752600000,2026-09-18T17:30:00.000Z,1.3849,1.3858,1.3816,1.3852,692800,
1789753500000,2026-09-18T17:45:00.000Z,1.3852,1.3913,1.3837,1.3913,1535182,
1789754400000,2026-09-18T18:00:00.000Z,1.3913,1.3918,1.3872,1.3915,1021196,
1789755300000,2026-09-18T18:15:00.000Z,1.3915,1.3937,1.3889,1.3912,934551,
1789756200000,2026-09-18T18:30:00.000Z,1.3912,1.392,1.3865,1.3882,739570,
1789757100000,2026-09-18T18:45:00.000Z,1.3882,1.3899,1.3845,1.3861,768984,
1789758000000,2026-09-18T19:00:00.000Z,1.3861,1.3988,1.3857,1.3985,1035879,
1789758900000,2026-09-18T19:15:00.000Z,1.3985,1.4027,1.396,1.401,1703182,
1789759800000,2026-09-18T19:30:00.000Z,1.401,1.4085,1.4001,1.4076,1870687,
1789760700000,2026-09-18T19:45:00.000Z,1.4076,1.4129,1.3966,1.4119,2695483,
1789761600000,2026-09-18T20:00:00.000Z,1.4119,1.4142,1.4034,1.4075,1819221,
1789762500000,2026-09-18T20:15:00.000Z,1.4075,1.4118,1.4009,1.4026,1424785,
1789763400000,2026-09-18T20:30:00.000Z,1.4026,1.4058,1.3982,1.4056,907018,
1789764300000,2026-09-18T20:45:00.000Z,1.4056,1.4078,1.3993,1.4026,1265821,
1789765200000,2026-09-18T21:00:00.000Z,1.4026,1.4079,1.3982,1.4069,1229771,
1789766100000,2026-09-18T21:15:00.000Z,1.4069,1.4074,1.3998,1.4024,523809,
1789767000000,2026-09-18T21:30:00.000Z,1.4024,1.4031,1.3985,1.3987,507483,
1789767900000,2026-09-18T21:45:00.000Z,1.3987,1.402,1.3978,1.4007,385200,
1789768800000,2026-09-18T22:00:00.000Z,1.4007,1.4038,1.3996,1.4026,753985,
1789769700000,2026-09-18T22:15:00.000Z,1.4026,1.4052,1.3992,1.3992,613243,
1789770600000,2026-09-18T22:30:00.000Z,1.3992,1.3996,1.3918,1.3966,1199716,
1789771500000,2026-09-18T22:45:00.000Z,1.3966,1.4003,1.3953,1.3979,699022,
1789772400000,2026-09-18T23:00:00.000Z,1.3979,1.4015,1.3954,1.399,643808,
1789773300000,2026-09-18T23:15:00.000Z,1.399,1.4002,1.396,1.3972,650288,
1789774200000,2026-09-18T23:30:00.000Z,1.3972,1.3975,1.3934,1.3955,956560,
1789775100000,2026-09-18T23:45:00.000Z,1.3955,1.3975,1.3952,1.3963,443004,
1789776000000,2026-09-19T00:00:00.000Z,1.3963,1.404,1.3947,1.4037,782023,
1789776900000,2026-09-19T00:15:00.000Z,1.4037,1.4096,1.4011,1.4094,1391918,
1789777800000,2026-09-19T00:30:00.000Z,1.4094,1.4211,1.4094,1.4176,2691475,
1789778700000,2026-09-19T00:45:00.000Z,1.4176,1.4176,1.4079,1.4085,2021663,
1789779600000,2026-09-19T01:00:00.000Z,1.4085,1.4122,1.4025,1.4026,1663329,
1789780500000,2026-09-19T01:15:00.000Z,1.4026,1.404,1.3925,1.4014,1936148,
1789781400000,2026-09-19T01:30:00.000Z,1.4014,1.4056,1.3949,1.4053,1205615,
1789782300000,2026-09-19T01:45:00.000Z,1.4053,1.4142,1.4053,1.4123,1376779,
1789783200000,2026-09-19T02:00:00.000Z,1.4123,1.4195,1.411,1.4158,1059089,
1789784100000,2026-09-19T02:15:00.000Z,1.4158,1.4243,1.4134,1.4164,2124238,
1789785000000,2026-09-19T02:30:00.000Z,1.4164,1.4278,1.4146,1.4221,2408656,
1789785900000,2026-09-19T02:45:00.000Z,1.4221,1.4221,1.4125,1.4131,1512816,
1789786800000,2026-09-19T03:00:00.000Z,1.4131,1.4176,1.411,1.4168,1238651,
1789787700000,2026-09-19T03:15:00.000Z,1.4168,1.4168,1.4093,1.41,974043,
1789788600000,2026-09-19T03:30:00.000Z,1.41,1.4142,1.4092,1.4141,484610,
1789789500000,2026-09-19T03:45:00.000Z,1.4141,1.4207,1.4126,1.4178,857677,
1789790400000,2026-09-19T04:00:00.000Z,1.4178,1.427,1.4165,1.4242,1523222,
1789791300000,2026-09-19T04:15:00.000Z,1.4242,1.4242,1.4144,1.4149,1244141,
1789792200000,2026-09-19T04:30:00.000Z,1.4149,1.415,1.4077,1.4125,1745479,
1789793100000,2026-09-19T04:45:00.000Z,1.4125,1.418,1.409,1.4145,958659,
1789794000000,2026-09-19T05:00:00.000Z,1.4145,1.4265,1.4137,1.426,2077798,
1789794900000,2026-09-19T05:15:00.000Z,1.426,1.4365,1.4189,1.4258,4025193,
1789795800000,2026-09-19T05:30:00.000Z,1.4258,1.4386,1.4254,1.4367,2430143,
1789796700000,2026-09-19T05:45:00.000Z,1.4367,1.4392,1.4252,1.4268,2156309,
1789797600000,2026-09-19T06:00:00.000Z,1.4268,1.4301,1.4198,1.4215,1666626,
1789798500000,2026-09-19T06:15:00.000Z,1.4215,1.4254,1.4159,1.4206,1234724,
1789799400000,2026-09-19T06:30:00.000Z,1.4206,1.4286,1.4199,1.4254,1173154,
1789800300000,2026-09-19T06:45:00.000Z,1.4254,1.4267,1.4208,1.4218,740060,
1789801200000,2026-09-19T07:00:00.000Z,1.4218,1.4234,1.4174,1.4218,1269585,
1789802100000,2026-09-19T07:15:00.000Z,1.4218,1.4241,1.417,1.418,1470938,
1789803000000,2026-09-19T07:30:00.000Z,1.418,1.4196,1.4108,1.4122,1438678,
1789803900000,2026-09-19T07:45:00.000Z,1.4122,1.4146,1.4098,1.4103,1187978,
1789804800000,2026-09-19T08:00:00.000Z,1.4103,1.4171,1.4085,1.4167,1580210,
1789805700000,2026-09-19T08:15:00.000Z,1.4167,1.4227,1.4152,1.4162,1627642,
1789806600000,2026-09-19T08:30:00.000Z,1.4162,1.4201,1.4155,1.4173,918240,
1789807500000,2026-09-19T08:45:00.000Z,1.4173,1.4177,1.414,1.4148,741286,
1789808400000,2026-09-19T09:00:00.000Z,1.4148,1.4179,1.4135,1.4135,884920,
1789809300000,2026-09-19T09:15:00.000Z,1.4135,1.4177,1.411,1.4161,816411,
1789810200000,2026-09-19T09:30:00.000Z,1.4161,1.417,1.4086,1.412,1421829,
1789811100000,2026-09-19T09:45:00.000Z,1.412,1.4144,1.4119,1.4126,616163,
1789812000000,2026-09-19T10:00:00.000Z,1.4126,1.4144,1.4114,1.4139,439276,
1789812900000,2026-09-19T10:15:00.000Z,1.4139,1.4187,1.4128,1.4181,656647,
1789813800000,2026-09-19T10:30:00.000Z,1.4181,1.424,1.4181,1.4206,1490918,
1789814700000,2026-09-19T10:45:00.000Z,1.4206,1.4232,1.4173,1.4173,1240993,
1789815600000,2026-09-19T11:00:00.000Z,1.4173,1.4262,1.4173,1.4211,1594613,
1789816500000,2026-09-19T11:15:00.000Z,1.4211,1.4304,1.4202,1.4253,1769530,
1789817400000,2026-09-19T11:30:00.000Z,1.4253,1.4315,1.4241,1.4309,1660941,
1789818300000,2026-09-19T11:45:00.000Z,1.4309,1.4383,1.4303,1.4343,1811175,
1789819200000,2026-09-19T12:00:00.000Z,1.4343,1.4383,1.4293,1.4325,1853566,
1789820100000,2026-09-19T12:15:00.000Z,1.4325,1.4344,1.4276,1.429,888731,
1789821000000,2026-09-19T12:30:00.000Z,1.429,1.4346,1.429,1.4303,639196,
1789821900000,2026-09-19T12:45:00.000Z,1.4303,1.4353,1.426,1.4339,1695309,
1789822800000,2026-09-19T13:00:00.000Z,1.4339,1.4482,1.4315,1.4438,5502491,
1789823700000,2026-09-19T13:15:00.000Z,1.4438,1.4497,1.4354,1.4361,2690926,
1789824600000,2026-09-19T13:30:00.000Z,1.4361,1.4395,1.4315,1.4349,2062994,
1789825500000,2026-09-19T13:45:00.000Z,1.4349,1.4399,1.4319,1.437,1241226,
1789826400000,2026-09-19T14:00:00.000Z,1.437,1.4437,1.4364,1.4415,2098639,
1789827300000,2026-09-19T14:15:00.000Z,1.4415,1.4545,1.4415,1.4466,5226890,
1789828200000,2026-09-19T14:30:00.000Z,1.4466,1.4467,1.4366,1.438,2582456,
1789829100000,2026-09-19T14:45:00.000Z,1.438,1.4405,1.4357,1.4379,1309937,
1789830000000,2026-09-19T15:00:00.000Z,1.4379,1.4417,1.4346,1.4348,1322905,
1789830900000,2026-09-19T15:15:00.000Z,1.4348,1.4374,1.4266,1.4295,2050615,
1789831800000,2026-09-19T15:30:00.000Z,1.4295,1.4384,1.428,1.4366,2036802,
1789832700000,2026-09-19T15:45:00.000Z,1.4366,1.4366,1.429,1.4305,1441377,
1789833600000,2026-09-19T16:00:00.000Z,1.4305,1.4365,1.4245,1.435,2954338,
1789834500000,2026-09-19T16:15:00.000Z,1.435,1.4375,1.4332,1.4332,1165478,
1789835400000,2026-09-19T16:30:00.000Z,1.4332,1.437,1.4309,1.4338,2296523,
1789836300000,2026-09-19T16:45:00.000Z,1.4338,1.4367,1.432,1.434,713618,
1789837200000,2026-09-19T17:00:00.000Z,1.434,1.4451,1.4331,1.4394,1999149,
1789838100000,2026-09-19T17:15:00.000Z,1.4394,1.4412,1.4264,1.4284,1936592,
1789839000000,2026-09-19T17:30:00.000Z,1.4284,1.4325,1.4223,1.4235,1744360,
1789839900000,2026-09-19T17:45:00.000Z,1.4235,1.428,1.4235,1.4273,980451,
1789840800000,2026-09-19T18:00:00.000Z,1.4273,1.4324,1.4244,1.4253,1150489,
1789841700000,2026-09-19T18:15:00.000Z,1.4253,1.4283,1.4216,1.4239,889118,
1789842600000,2026-09-19T18:30:00.000Z,1.4239,1.4301,1.4204,1.4267,730368,
1789843500000,2026-09-19T18:45:00.000Z,1.4267,1.4308,1.4246,1.4297,1058170,
1789844400000,2026-09-19T19:00:00.000Z,1.4297,1.432,1.4258,1.4261,816243,
1789845300000,2026-09-19T19:15:00.000Z,1.4261,1.4312,1.4254,1.4262,977337,
1789846200000,2026-09-19T19:30:00.000Z,1.4262,1.4317,1.4257,1.4305,221501,
1789847100000,2026-09-19T19:45:00.000Z,1.4305,1.4328,1.4262,1.4275,1236273,
1789848000000,2026-09-19T20:00:00.000Z,1.4275,1.4326,1.4256,1.4316,803362,
1789848900000,2026-09-19T20:15:00.000Z,1.4316,1.4353,1.4265,1.4272,1026778,
1789849800000,2026-09-19T20:30:00.000Z,1.4272,1.4316,1.4272,1.4314,566781,
1789850700000,2026-09-19T20:45:00.000Z,1.4314,1.4318,1.4267,1.4287,503103,
1789851600000,2026-09-19T21:00:00.000Z,1.4287,1.4321,1.4165,1.4182,2178863,
1789852500000,2026-09-19T21:15:00.000Z,1.4182,1.42,1.407,1.4178,2659840,
1789853400000,2026-09-19T21:30:00.000Z,1.4178,1.418,1.4018,1.4071,2915263,
1789854300000,2026-09-19T21:45:00.000Z,1.4071,1.4122,1.4066,1.4092,485532,
1789855200000,2026-09-19T22:00:00.000Z,1.4092,1.4092,1.3954,1.4016,2649171,
1789856100000,2026-09-19T22:15:00.000Z,1.4016,1.4045,1.3991,1.404,627369,
1789857000000,2026-09-19T22:30:00.000Z,1.404,1.4139,1.4036,1.4131,1505398,
1789857900000,2026-09-19T22:45:00.000Z,1.4131,1.418,1.413,1.4158,964372,
1789858800000,2026-09-19T23:00:00.000Z,1.4158,1.4169,1.4137,1.4152,383818,
1789859700000,2026-09-19T23:15:00.000Z,1.4152,1.4167,1.4092,1.4119,1046184,
1789860600000,2026-09-19T23:30:00.000Z,1.4119,1.4139,1.4105,1.4112,481559,
1789861500000,2026-09-19T23:45:00.000Z,1.4112,1.4125,1.4099,1.4101,400482,
1789862400000,2026-09-20T00:00:00.000Z,1.4101,1.4107,1.4054,1.4075,935908,
1789863300000,2026-09-20T00:15:00.000Z,1.4075,1.409,1.4043,1.4056,680438,
1789864200000,2026-09-20T00:30:00.000Z,1.4056,1.4101,1.4041,1.4088,522159,
1789865100000,2026-09-20T00:45:00.000Z,1.4088,1.4093,1.4037,1.4059,431987,
1789866000000,2026-09-20T01:00:00.000Z,1.4059,1.4065,1.3992,1.3994,654404,
1789866900000,2026-09-20T01:15:00.000Z,1.3994,1.4044,1.3985,1.3991,977233,
1789867800000,2026-09-20T01:30:00.000Z,1.3991,1.3995,1.3955,1.3994,1161337,
1789868700000,2026-09-20T01:45:00.000Z,1.3994,1.4019,1.3957,1.4,800756,
1789869600000,2026-09-20T02:00:00.000Z,1.4,1.4058,1.3993,1.4057,616751,
1789870500000,2026-09-20T02:15:00.000Z,1.4057,1.4061,1.3964,1.3967,1035386,
1789871400000,2026-09-20T02:30:00.000Z,1.3967,1.3986,1.3743,1.3781,6673664,
1789872300000,2026-09-20T02:45:00.000Z,1.3781,1.3862,1.3674,1.3701,4770272,
1789873200000,2026-09-20T03:00:00.000Z,1.3701,1.3819,1.3676,1.3713,2924293,
1789874100000,2026-09-20T03:15:00.000Z,1.3713,1.385,1.3672,1.3775,2099324,
1789875000000,2026-09-20T03:30:00.000Z,1.3775,1.3805,1.3746,1.3788,986305,
1789875900000,2026-09-20T03:45:00.000Z,1.3788,1.3842,1.3773,1.3817,431026,
1789876800000,2026-09-20T04:00:00.000Z,1.3817,1.3829,1.3791,1.3829,470301,
1789877700000,2026-09-20T04:15:00.000Z,1.3829,1.3848,1.378,1.3817,617923,
1789878600000,2026-09-20T04:30:00.000Z,1.3817,1.3847,1.3807,1.3812,248468,
1789879500000,2026-09-20T04:45:00.000Z,1.3812,1.3824,1.3769,1.3805,743357,
1789880400000,2026-09-20T05:00:00.000Z,1.3805,1.3851,1.3787,1.3827,394431,
1789881300000,2026-09-20T05:15:00.000Z,1.3827,1.3831,1.3783,1.3811,534999,
1789882200000,2026-09-20T05:30:00.000Z,1.3811,1.3837,1.3801,1.3801,212490,